C12,LasIPlus,LasI(C4=0),LasI(C4=0.4),LasI(C4=0.8),LasI(C4=1.2),LasI(C4=1.6),LasI(C4=2)
0,1670.1094,1670.1094,4162.48093031408,5573.50177844929,6481.46137451966,7114.6870460647,7581.48762062265
0.004,3656.06588900012,2693.98474159268,53766.6888224942,55337.3917939726,56298.8122961123,56958.8124241172,57441.6917814725
0.008,5577.10008699407,3684.38889021155,54757.0929711131,56327.7959425915,57289.2164447312,57949.2165727361,58432.0959300914
0.012,7436.34432680344,4642.93674444852,55715.64082535,57286.3437968285,58247.7642989682,58907.7644269731,59390.6437843283
0.016,9236.7326279951,5571.14096095186,56643.8450418534,58214.5480133318,59175.9685154715,59835.9686434764,60318.8480008317
0.02,10981.0161467732,6470.41991973843,57543.1240006399,59113.8269721184,60075.2474742581,60735.247602263,61218.1269596183
0.024,12671.7772036551,7342.10495627119,58414.8090371727,59985.5120086511,60946.9325107908,61606.9326387957,62089.811996151
0.028,14311.4420393621,8187.44693785821,59260.1510187597,60830.8539902382,61792.2744923779,62452.2746203827,62935.153977738
0.032,15902.2924314443,9007.62225269411,60080.3263335956,61651.0293050741,62612.4498072138,63272.4499352186,63755.329292574
0.036,17446.4762886078,9803.73827184776,60876.4423527493,62447.1453242277,63408.5658263674,64068.5659543723,64551.4453117276
0.04,18946.0173261854,10576.8383375269,61649.5424184284,63220.2453899069,64181.6658920466,64841.6660200515,65324.5453774068
0.044,20402.8239144034,11327.906324871,62400.6104057725,63971.313377251,64932.7338793907,65592.7340073955,66075.6133647508
0.048,21818.6971807928,12057.8708192121,63130.5749001136,64701.277871592,65662.6983737317,66322.6985017366,66805.5778590919
0.052,23195.3384390782,12767.6089460969,63840.3130269984,65411.0159984768,66372.4365006165,67032.4366286214,67515.3159859767
0.056,24534.3560089715,13457.949887284,64530.6539681856,66101.356939664,67062.7774418037,67722.7775698086,68205.6569271639
0.06,25837.2714843469,14129.678112351,65202.3821932526,66773.085164731,67734.5056668707,68394.5057948756,68877.3851522309
0.064,27105.525501159,14783.5363523891,65856.2404332906,67426.943404769,68388.3639069087,69048.3640349136,69531.2433922689
0.068,28340.4830510724,15420.2283394863,66492.9324203878,68063.6353918662,69025.0558940059,69685.0560220108,70167.9353793661
0.072,29543.4383820049,16040.4213332408,67113.1254141423,68683.8283856208,69645.2488877605,70305.2490157654,70788.1283731206
0.076,30715.6195225711,16644.7484533733,67717.4525342748,69288.1555057532,70249.5760078929,70909.5761358978,71392.4554932531
0.08,31858.192463677,17233.81083558,68306.5149164815,69877.21788796,70838.6383900997,71498.6385181045,71981.5178754598
0.084,32972.2650271962,17808.1796260597,68880.8837069612,70451.5866784396,71413.0071805793,72073.0073085842,72555.8866659395
0.088,34058.8904487119,18368.3978286235,69441.101909525,71011.8048810035,71973.2253831432,72633.225511148,73116.1048685033
0.092,35119.0706986792,18914.9820169466,69987.6860978481,71558.3890693265,72519.8095714662,73179.8096994711,73662.6890568264
0.096,36153.7595640218,19448.4239233089,70521.1280042104,72091.8309756888,73053.2514778285,73713.2516058334,74196.1309631887
0.1,37163.8655100836,19969.1919140968,71041.8959949983,72612.5989664768,73574.0194686165,74234.0195966214,74716.8989539766
0.104,38150.2543409861,20477.7323613712,71550.4364422727,73121.1394137511,74082.5599158908,74742.5600438957,75225.439401251
0.108,39113.7516747662,20974.4709189437,72047.1749998452,73617.8779713236,74579.2984734633,75239.2986014682,75722.1779588235
0.112,40055.1452481659,21459.8137106295,72532.517791531,74103.2207630094,75064.6412651491,75724.641393154,76207.5207505093
0.116,40975.1870645977,21934.148437647,73006.8525185485,74577.555490027,75538.9759921667,76198.9761201716,76681.8554775268
0.12,41874.595397594,22397.8454115125,73470.549492414,75041.2524638925,76002.6729660322,76662.673094037,77145.5524513923
0.124,42754.0566609599,22851.2585182114,73923.9625991129,75494.6655705914,76456.0860727311,77116.0862007359,77598.9655580912
0.128,43614.2271558617,23294.7261189235,74367.430199825,75938.1331713034,76899.5536734431,77559.553801448,78042.4331588033
0.132,44455.7347041959,23728.5718921193,74801.2759730208,76371.9789444993,77333.399446639,77993.3995746438,78476.2789319992
0.136,45279.1801767841,24153.1056214326,75225.8097023341,76796.5126738126,77757.9331759523,78417.9333039572,78900.8126613125
0.14,46085.138924208,24568.6239333387,75641.3280142402,77212.0309857187,78173.4514878583,78833.4516158632,79316.3309732185
0.144,46874.1621174472,24975.4109883306,76048.1150692321,77618.8180407105,78580.2385428502,79240.2386708551,79723.1180282104
0.148,47646.778004883,25373.7391289771,76446.4432098786,78017.146181357,78978.5666834967,79638.5668115016,80121.4461688569
0.152,48403.4930916934,25763.8694879692,76836.5735688707,78407.2765403491,79368.6970424888,80028.6971704937,80511.576527849
0.156,49144.793247172,26146.0525590069,77218.7566399084,78789.4596113868,79750.8801135265,80410.8802415314,80893.7595988867
0.16,49871.144745058,26520.5287331495,77593.232814051,79163.9357855294,80125.3562876691,80785.356415674,81268.2357730293
0.164,50582.9952415587,26887.5288030425,77960.232883944,79530.9358554225,80492.3563575622,81152.356485567,81635.2358429223
0.168,51280.7746953743,27247.274437244,78319.9785181455,79890.6814896239,80852.1019917636,81512.1021197685,81994.9814771238
0.172,51964.8962336989,27599.9786266976,78672.6827075991,80243.3856790775,81204.8061812172,81864.8063092221,82347.6856665774
0.176,52635.7569678622,27945.8461052436,79018.5501861451,80589.2531576236,81550.6736597633,82210.6737877681,82693.5531451234
0.18,53293.7387619968,28285.0737459109,79357.7778268124,80928.4807982908,81889.9013004305,82549.9014284354,83032.7807857907
0.184,53939.2089578558,28617.8509346023,79690.5550155039,81261.2579869823,82222.678489122,82882.6786171269,83365.5579744822
0.188,54572.5210586729,28944.3599226645,80017.064003566,81587.7669750444,82549.1874771841,83209.187605189,83692.0669625443
0.192,55194.0153747389,29264.7761597193,80337.4802406208,81908.1832120992,82869.6037142389,83529.6038422438,84012.4831995991
0.196,55804.0196331731,29579.2686080366,80651.9726889381,82222.6756604166,83184.0961625562,83844.0962905611,84326.9756479164
0.2,56402.8495541837,29888.0000396297,80960.7041205312,82531.4070920097,83492.8275941494,84152.8277221543,84635.7070795095
0.204,56990.8093959475,30191.1273171723,81263.8313980739,82834.5343695523,83795.954871692,84455.9549996969,84938.8343570522
0.208,57568.1924700841,30488.8016597553,81561.5057406568,83132.2087121352,84093.6292142749,84753.6293422798,85236.5086996351
0.212,58135.2816295594,30781.168894429,81853.8729753305,83424.5759468089,84385.9964489486,85045.9965769535,85528.8759343088
0.216,58692.3497307242,31068.3696944111,82141.0737753126,83711.7767467911,84673.1972489308,85333.1973769356,85816.0767342909
0.22,59239.6600710728,31350.5398047763,82423.2438856778,83993.9468571562,84955.3673592959,85615.3674873008,86098.2468446561
0.224,59777.4668041977,31627.8102563894,82700.5143372909,84271.2173087694,85232.637810909,85892.6379389139,86375.5172962692
0.228,60306.0153333147,31900.3075687905,82973.011649692,84543.7146211704,85505.1351233101,86165.135251315,86648.0146086703
0.232,60825.5426846374,32168.1539426907,83240.8580235922,84811.5609950706,85772.9814972103,86432.9816252152,86915.8609825705
0.236,61336.2778617962,32431.467442696,83504.1715235975,85074.8744950759,86036.2949972156,86696.2951252205,87179.1744825758
0.24,61838.4421824136,32690.3621708311,83763.0662517326,85333.769223211,86295.1897253507,86955.1898533556,87438.0692107109
0.244,62332.2495978765,32944.9484314005,84017.652512302,85588.3554837804,86549.7759859201,87209.776113925,87692.6554712803
0.248,62817.906997275,33195.3328876866,84268.0369685881,85838.7399400665,86800.1604422062,87460.1605702111,87943.0399275664
0.252,63295.6144964157,33441.6187109527,84514.3227918542,86085.0257633327,87046.4462654724,87706.4463934772,88189.3257508325
0.256,63765.5657127573,33683.9057221882,84756.6098030897,86327.3127745682,87288.7332767078,87948.7334047127,88431.612762068
0.26,64227.9480270616,33922.2905270049,84994.9946079064,86565.6975793848,87527.1180815245,88187.1182095294,88669.9975668847
0.264,64682.9428325043,34156.8666440678,85229.5707249693,86800.2736964478,87761.6941985874,88421.6943265923,88904.5736839476
0.268,65130.725771939,34387.7246274187,85460.4287083202,87031.1316797986,87992.5521819383,88652.5523099432,89135.4316672985
0.272,65571.466963969,34614.9521830288,85687.6562639303,87258.3592354088,88219.7797375485,88879.7798655534,89362.6592229087
0.276,66005.3312184352,34838.634279896,85911.3383607975,87482.0413322759,88443.4618344156,89103.4619624205,89586.3413197758
0.28,66432.4782418971,35058.8532559812,86131.5573368827,87702.2603083611,88663.6808105008,89323.6809385057,89806.560295861
0.284,66853.0628336418,35275.688919263,86348.3930001645,87919.0959716429,88880.5164737827,89540.5166017875,90023.3959591428
0.288,67267.2350727281,35489.2186441696,86561.9227250711,88132.6256965496,89094.0461986893,89754.0463266941,90236.9256840494
0.292,67675.1404965404,35699.5174636335,86772.221544535,88342.9245160134,89304.3450181531,89964.345146158,90447.2245035133
0.296,68076.9202712982,35906.658156999,86979.3622379005,88550.0652093789,89511.4857115186,90171.4858395235,90654.3651968788
0.3,68472.711354941,36110.7113339989,87183.4154149005,88754.1183863789,89715.5388885186,90375.5390165235,90858.4183738788
0.304,68862.6466527838,36311.745515004,87384.4495959055,88955.1525673839,89916.5730695236,90576.5731975285,91059.4525548838
0.308,69246.8551663138,36509.827207736,87582.5312886376,89153.234260116,90114.6547622557,90774.6548902606,91257.5342476159
0.312,69625.4621354799,36705.0209806265,87777.7250615281,89348.4280330065,90309.8485351462,90969.8486631511,91452.7280205064
0.316,69998.5891748031,36897.3895329893,87970.0936138909,89540.7965853693,90502.217087509,91162.2172155139,91645.0965728692
0.32,70366.3544036193,37086.9937621684,88159.69784307,89730.4008145484,90691.8213166881,91351.821444693,91834.7008020483
0.324,70728.8725707476,37273.8928278116,88346.5969087131,89917.2998801916,90878.7203823313,91538.7205103361,92021.5998676914
0.328,71086.2551738604,37458.1442134125,88530.8482943141,90101.5512657925,91062.9717679322,91722.9718959371,92205.8512532923
0.332,71438.6105738156,37639.8037852558,88712.5078661573,90283.2108376357,91244.6313397754,91904.6314677803,92387.5108251356
0.336,71786.0441041977,37818.9258488917,88891.6299297932,90462.3329012716,91423.7534034113,92083.7535314162,92566.6328887715
0.34,72128.6581763014,37995.563203261,89068.2672841625,90638.9702556409,91600.3907577807,92260.3908857855,92743.2702431408
0.344,72466.5523797748,38169.7671925829,89242.4712734844,90813.1742449629,91774.5947471026,92434.5948751074,92917.4742324627
0.348,72799.823579133,38341.5877561128,89414.2918370143,90984.9948084927,91946.4153106325,92606.4154386373,93089.2947959926
0.352,73128.5660063364,38511.0734758721,89583.7775567737,91154.4805282521,92115.9010303918,92775.9011583966,93258.7805157519
0.356,73452.8713496206,38678.2716224452,89750.9757033467,91321.6786748251,92283.0991769648,92943.0993049697,93425.978662325
0.36,73772.828838754,38843.2281989341,89915.9322798357,91486.6352513141,92448.0557534538,93108.0558814587,93590.935238814
0.364,74088.525326888,39005.9879831581,90078.6920640596,91649.3950355381,92610.8155376778,93270.8156656826,93753.6950230379
0.368,74400.0453691604,39166.5945681771,90239.2986490786,91810.001620557,92771.4221226967,93431.4222507016,93914.3016080569
0.372,74707.4712981979,39325.0904012183,90397.7944821198,91968.4974535983,92929.917955738,93589.9180837429,94072.7974410982
0.376,75010.8832966629,39481.5168210781,90554.2209019797,92124.9238734581,93086.3443755978,93746.3445036027,94229.223860958
0.38,75310.3594669755,39635.9140940678,90708.6181749693,92279.3211464477,93240.7416485874,93900.7417765923,94383.6211339476
0.384,75605.9758983412,39788.32144857,90861.0255294715,92431.7285009499,93393.1490030896,94053.1491310945,94536.0284884498
0.388,75897.8067312022,39938.7771082673,91011.4811891689,92582.1841606473,93543.604662787,94203.6047907919,94686.4841481472
0.392,76185.9242192294,40087.318324103,91160.0224050045,92730.7253764829,93692.1458786226,94352.1460066275,94835.0253639828
0.396,76470.3987889628,40233.9814050282,91306.6854859297,92877.3884574082,93838.8089595479,94498.8090875527,94981.688444908
0.4,76751.2990972032,40378.8017475916,91451.5058284932,93022.2087999716,93983.6293021113,94643.6294301162,95126.5087874715
0.404,77028.6920862546,40521.8138644197,91594.5179453213,93165.2209167997,94126.6414189394,94786.6415469443,95269.5209042996
0.408,77302.6430371106,40663.0514116374,91735.7554925389,93306.4584640174,94267.878966157,94927.8790941619,95410.7584515172
0.412,77573.2156206724,40802.5472152737,91875.2512961753,93445.9542676537,94407.3747697934,95067.3748977983,95550.2542551536
0.416,77840.4719470835,40940.3332966973,92013.0373775988,93583.7403490773,94545.1608512169,95205.1609792219,95688.0403365771
0.42,78104.4726132624,41076.4408971215,92149.144978023,93719.8479495014,94681.2684516411,95341.268579646,95824.1479370013
0.424,78365.2767487075,41210.9005012199,92283.6045821214,93854.3075535999,94815.7280557396,95475.7281837444,95958.6075410997
0.428,78622.9420596491,41343.7418598892,92416.4459407908,93987.1489122692,94948.5694144089,95608.5695424138,96091.448899769
0.432,78877.5248716163,41474.9940121948,92547.6980930963,94118.4010645748,95079.8215667145,95739.8216947193,96222.7010520746
0.436,79129.0801704854,41604.6853065337,92677.3893874352,94248.0923589136,95209.5128610533,95869.5129890582,96352.3923464135
0.44,79377.6616420728,41732.8434210467,92805.5475019482,94376.2504734266,95337.6709755663,95997.6711035712,96480.5504609265
0.444,79623.3217103315,41859.4953833113,92932.1994642128,94502.9024356913,95464.322937831,96124.3230658359,96607.2024231911
0.448,79866.111574209,41984.6675893439,93057.3716702454,94628.0746417238,95589.4951438635,96249.4952718684,96732.3746292237
0.452,80106.0812432209,42108.3858219398,93181.0899028413,94751.7928743197,95713.2133764594,96373.2135044643,96856.0928618196
0.456,80343.279571792,42230.6752683784,93303.3793492799,94874.0823207583,95835.502822898,96495.5029509029,96978.3823082582
0.46,80577.754292414,42351.5605375177,93424.2646184192,94994.9675898976,95956.3880920373,96616.3882200422,97099.2675773975
0.464,80809.5520476683,42471.0656763039,93543.7697572054,95114.4727286839,96075.8932308236,96735.8933588284,97218.7727161837
0.468,81038.7184211577,42589.2141857187,93661.9182666202,95232.6212380986,96194.0417402383,96854.0418682432,97336.9212255985
0.472,81265.2979673904,42706.0290361859,93778.7331170874,95349.4360885659,96310.8565907055,96970.8567187104,97453.7360760657
0.476,81489.3342406586,42821.5326824602,93894.2367633617,95464.9397348402,96426.3602369798,97086.3603649847,97569.23972234
0.48,81710.8698229491,42935.7470780167,94008.4511589182,95579.1541303966,96540.5746325363,97200.5747605412,97683.4541178965
0.484,81929.946350925,43048.6936889614,94121.3977698629,95692.1007413414,96653.5212434811,97313.5213714859,97796.4007288412
0.488,82146.6045420137,43160.3935074814,94233.0975883829,95803.8005598613,96765.221062001,97425.2211900059,97908.1005473612
0.492,82360.884219636,43270.8670648514,94343.5711457529,95914.2741172313,96875.694619371,97535.6947473759,98018.5741047312
0.496,82572.8243376081,43380.1344440149,94452.8385249164,96023.5414963948,96984.9619985345,97644.9621265394,98127.8414838947
0.5,82782.4630037494,43488.2152917552,94560.9193726567,96131.6223441352,97093.0428462749,97753.0429742798,98235.922331635
0.504,82989.8375027254,43595.128830472,94667.8329113736,96238.535882852,97199.9563849917,97859.9565129966,98342.8358703519
0.508,83194.9843181536,43700.8938695787,94773.5979504802,96344.3009219586,97305.7214240983,97965.7215521032,98448.6009094585
0.512,83397.9391540016,43805.5288165338,94878.2328974354,96448.9358689138,97410.3563710535,98070.3564990584,98553.2358564137
0.516,83598.736955303,43909.0516875218,94981.7557684233,96552.4587399018,97513.8792420415,98173.8793700463,98656.7587274016
0.52,83797.4119282153,44011.4801177937,95084.1841986952,96654.8871701736,97616.3076723134,98276.3078003182,98759.1871576735
0.524,83993.9975594464,44112.8313716826,95185.5354525841,96756.2384240626,97717.6589262022,98377.6590542071,98860.5384115624
0.528,84188.5266350701,44213.1223523043,95285.8264332058,96856.5294046843,97817.949906824,98477.9500348289,98960.8293921842
0.532,84381.031258755,44312.3696109554,95385.0736918569,96955.7766633353,97917.197165475,98577.1972934799,99060.0766508352
0.536,84571.542869427,44410.589356219,95483.2934371205,97053.9964085989,98015.4169107386,98675.4170387435,99158.2963960988
0.54,84760.0922583857,44507.7974627895,95580.5015436911,97151.2045151695,98112.6250173092,98772.6251453141,99255.5045026694
0.544,84946.7095858956,44604.0094800263,95676.7135609279,97247.4165324063,98208.837034546,98868.8371625509,99351.7165199062
0.548,85131.4243972682,44699.2406402451,95771.9447211466,97342.647692625,98304.0681947647,98964.0683227696,99446.9476801249
0.552,85314.2656384568,44793.5058667574,95866.2099476589,97436.9129191373,98398.333421277,99058.3335492819,99541.2129066372
0.556,85495.2616711772,44886.8197816669,95959.5238625684,97530.2268340468,98491.6473361865,99151.6474641914,99634.5268215467
0.56,85674.4402875746,44979.1967134305,96051.9007943321,97622.6037658105,98584.0242679502,99244.0243959551,99726.9037533104
0.564,85851.8287244493,45070.650704193,96143.3547850945,97714.057756573,98675.4782587127,99335.4783867176,99818.3577440728
0.568,86027.4536770596,45161.1955169027,96233.8995978042,97804.6025692827,98766.0230714224,99426.0231994273,99908.9025567825
0.572,86201.3413125142,45250.8446422163,96323.5487231179,97894.2516945963,98855.672196736,99515.6723247409,99998.5516820961
0.576,86373.5172827689,45339.6113051996,96412.3153861012,97983.0183575796,98944.4388597193,99604.4389877242,100087.318345079
0.58,86544.0067372424,45427.5084718314,96500.2125527329,98070.9155242113,99032.336026351,99692.3361543559,100175.215511711
0.584,86712.8343350623,45514.5488553169,96587.2529362184,98157.9559076969,99119.3764098366,99779.3765378415,100262.255895197
0.588,86880.0242569551,45600.7449222182,96673.4490031197,98244.1519745981,99205.5724767378,99865.5726047427,100348.451962098
0.592,87045.6002167915,45686.108898406,96758.8129793075,98329.5159507859,99290.9364529256,99950.9365809305,100433.815938286
0.596,87209.5854727996,45770.652774841,96843.3568557425,98414.059827221,99375.4803293607,100035.480457366,100518.359814721
0.6,87372.0028384558,45854.3883131889,96927.0923940904,98497.7953655688,99459.2158677085,100119.215995713,100602.095353069
0.604,87532.8746930653,45937.3270512747,97010.0311321762,98580.7341036546,99542.1546057943,100202.154733799,100685.034091155
0.608,87692.2229920417,46019.4803083829,97092.1843892845,98662.8873607629,99624.3078629026,100284.307990907,100767.187348263
0.612,87850.0692768958,46100.8591904074,97173.5632713089,98744.2662427874,99705.6867449271,100365.686872932,100848.566230287
0.616,88006.4346849436,46181.4745948561,97254.1786757576,98824.8816472361,99786.3021493758,100446.302277381,100929.181634736
0.62,88161.3399587423,46261.337215716,97334.0412966175,98904.7442680959,99866.1647702356,100526.164898241,101009.044255596
0.624,88314.8054552631,46340.4575481821,97413.1616290836,98983.864600562,99945.2851027017,100605.285230707,101088.164588062
0.628,88466.8511548089,46418.8458932553,97491.5499741568,99062.2529456352,100023.673447775,100683.67357578,101166.552933135
0.632,88617.4966696868,46496.5123622134,97569.2164431149,99139.9194145933,100101.339916733,100761.340044738,101244.219402093
0.636,88766.7612526409,46573.4668809585,97646.17096186,99216.8739333385,100178.294435478,100838.294563483,101321.173920838
0.64,88914.6638050551,46649.7191942465,97722.423275148,99293.1262466264,100254.546748766,100914.546876771,101397.426234126
0.644,89061.2228849319,46725.2788698001,97797.9829507016,99368.68592218,100330.10642432,100990.106552325,101472.98590968
0.648,89206.456714655,46800.1553023111,97872.8593832127,99443.5623546911,100404.982856831,101064.982984836,101547.862342191
0.652,89350.383188542,46874.3577173346,97947.0617982361,99517.7647697145,100479.185271854,101139.185399859,101622.064757214
0.656,89493.0198801944,46947.8951750776,98020.5992559791,99591.3022274575,100552.722729597,101212.722857602,101695.602214957
0.66,89634.3840496507,47020.7765740874,98093.480654989,99664.1836264674,100625.604128607,101285.604256612,101768.483613967
0.664,89774.4926503488,47093.0106548412,98165.7147357427,99736.4177072211,100697.838209361,101357.838337366,101840.717694721
0.668,89913.3623359039,47164.6060032398,98237.3100841414,99808.0130556198,100769.433557759,101429.433685764,101912.31304312
0.672,90051.0094667072,47235.5710540106,98308.2751349122,99878.9781063906,100840.39860853,101500.398736535,101983.27809389
0.676,90187.4501163514,47305.9140940195,98378.618174921,99949.3211463995,100910.741648539,101570.741776544,102053.621133899
0.68,90322.7000778877,47375.643265497,98448.3473463985,100019.050317877,100980.470820017,101640.470948022,102123.350305377
0.684,90456.7748699195,47444.7665691801,98517.4706500816,100088.17362156,101049.5941237,101709.594251705,102192.47360906
0.688,90589.6897425386,47513.2918673724,98585.9959482739,100156.698919752,101118.119421892,101778.119549897,102260.998907252
0.692,90721.4596831075,47581.2268869254,98653.9309678269,100224.633939305,101186.054441445,101846.05456945,102328.933926805
0.696,90852.0994218928,47648.5792221428,98721.2833030443,100291.986274523,101253.406776662,101913.406904667,102396.286262023
0.7,90981.6234375548,47715.3563376108,98788.0604185124,100358.763389991,101320.18389213,101980.184020135,102463.063377491
0.704,91110.0459624967,47781.5655709557,98854.2696518573,100424.972623336,101386.393125475,102046.39325348,102529.272610836
0.708,91237.3809880775,47847.2141355318,98919.9182164333,100490.621187912,101452.041690051,102112.041818056,102594.921175412
0.712,91363.6422696943,47912.309123041,98985.0132039425,100555.716175421,101517.136677561,102177.136805566,102660.016162921
0.716,91488.843331735,47976.857506087,99049.5615869885,100620.264558467,101581.685060607,102241.685188612,102724.564545967
0.72,91612.9974724077,48040.8661406646,99113.5702215661,100684.273193045,101645.693695184,102305.693823189,102788.573180544
0.724,91736.1177684496,48104.3417685875,99177.045849489,100747.748820967,101709.169323107,102369.169451112,102852.048808467
0.728,91858.217079718,48167.2910198554,99239.9951007569,100810.698072235,101772.118574375,102432.11870238,102914.998059735
0.732,91979.308053668,48229.7204149623,99302.4244958638,100873.127467342,101834.547969482,102494.548097487,102977.427454842
0.736,92099.4031297201,48291.6363671483,99364.3404480498,100935.043419528,101896.463921668,102556.464049673,103039.343407028
0.74,92218.5145435195,48353.0451845957,99425.7492654972,100996.452236976,101957.872739115,102617.87286712,103100.752224475
0.744,92336.6543310922,48413.9530725714,99486.6571534729,101057.360124951,102018.780627091,102678.780755096,103161.660112451
0.748,92453.8343328991,48474.3661355173,99547.0702164188,101117.773187897,102079.193690037,102739.193818042,103222.073175397
0.752,92570.0661977918,48534.2903790897,99606.9944599912,101177.69743147,102139.117933609,102799.118061614,103281.99741897
0.756,92685.3613868735,48593.7317121495,99666.435793051,101237.138764529,102198.559266669,102858.559394674,103341.438752029
0.76,92799.7311772654,48652.6959487046,99725.4000296061,101296.103001085,102257.523503224,102917.523631229,103400.402988584
0.764,92913.1866657847,48711.1888098053,99783.8928907069,101354.595862185,102316.016364325,102976.01649233,103458.895849685
0.768,93025.738772533,48769.2159253953,99841.9200062968,101412.622977775,102374.043479915,103034.04360792,103516.922965275
0.772,93137.3982444003,48826.7828361174,99899.4869170189,101470.189888497,102431.610390637,103091.610518642,103574.489875997
0.776,93248.1756584859,48883.8949950775,99956.599075979,101527.302047457,102488.722549597,103148.722677602,103631.602034957
0.78,93358.0814254382,48940.5577695665,100013.261850468,101583.964821947,102545.385324086,103205.385452091,103688.264809446
0.784,93467.125792716,48996.7764427418,100069.480523643,101640.183495122,102601.603997261,103261.604125266,103744.483482622
0.788,93575.3188477741,49052.5562152691,100125.260296171,101695.963267649,102657.383769789,103317.383897794,103800.263255149
0.792,93682.6705211734,49107.9022069265,100180.606287828,101751.309259306,102712.729761446,103372.729889451,103855.609246806
0.796,93789.1905896196,49162.819458171,100235.523539072,101806.226510551,102767.647012691,103427.647140695,103910.526498051
0.8,93894.8886789318,49217.3129316683,100290.01701257,101860.719984048,102822.140486188,103482.140614193,103965.019971548
0.804,93999.7742669412,49271.3875137883,100344.09159469,101914.794566168,102876.215068308,103536.215196313,104019.094553668
0.808,94103.8566863251,49325.0480160655,100397.752096967,101968.455068446,102929.875570585,103589.87569859,104072.755055945
0.812,94207.1451273745,49378.2991766261,100451.003257528,102021.706229006,102983.126731146,103643.126859151,104126.006216506
0.816,94309.6486406996,49431.1456615826,100503.849742484,102074.552713963,103035.973216102,103695.973344107,104178.852701462
0.82,94411.3761398732,49483.5920663969,100556.296147298,102126.999118777,103088.419620917,103748.419748921,104231.299106277
0.824,94512.3364040148,49535.6429172126,100608.346998114,102179.049969593,103140.470471732,103800.470599737,104283.349957092
0.828,94612.5380803159,49587.3026721564,100660.006753058,102230.709724536,103192.130226676,103852.130354681,104335.009712036
0.832,94711.9896865093,49638.5757226121,100711.279803514,102281.982774992,103243.403277132,103903.403405137,104386.282762492
0.836,94810.6996132823,49689.4663944637,100762.170475365,102332.873446844,103294.293948983,103954.294076988,104437.173434344
0.84,94908.6761266372,49739.9789493132,100812.683030215,102383.386001693,103344.806503833,104004.806631838,104487.685989193
0.844,95005.9273701979,49790.1175856693,100862.821666571,102433.524638049,103394.945140189,104054.945268194,104537.824625549
0.848,95102.4613674672,49839.8864401114,100912.590521013,102483.293492491,103444.713994631,104104.714122636,104587.593479991
0.852,95198.2860240326,49889.2895884268,100961.993669328,102532.696640807,103494.117142946,104154.117270951,104636.996628307
0.856,95293.4091297253,49938.3310467235,101011.035127625,102581.738099103,103543.158601243,104203.158729248,104686.038086603
0.86,95387.8383607306,49987.0147725188,101059.71885342,102630.421824899,103591.842327038,104251.842455043,104734.721812399
0.864,95481.5812816531,50035.3446658035,101108.048746705,102678.751718183,103640.172220323,104300.172348328,104783.051705683
0.868,95574.6453475366,50083.3245700835,101156.028650985,102726.731622463,103688.152124603,104348.152252608,104831.031609963
0.872,95667.0379058406,50130.9582733988,101203.6623543,102774.365325779,103735.785827918,104395.785955923,104878.665313279
0.876,95758.766198374,50178.2495093204,101250.953590222,102821.6565617,103783.07706384,104443.077191845,104925.9565492
0.88,95849.8373631873,50225.2019579259,101297.906038827,102868.609010306,103830.029512446,104490.02964045,104972.908997806
0.884,95940.258436424,50271.8192467538,101344.523327655,102915.226299134,103876.646801273,104536.646929278,105019.526286634
0.888,96030.036354133,50318.1049517382,101390.80903264,102961.512004118,103922.932506258,104582.932634263,105065.811991618
0.892,96119.1779540422,50364.0625981231,101436.766679025,103007.469650503,103968.890152643,104628.890280648,105111.769638003
0.896,96207.6899772943,50409.6956613569,101482.399742258,103053.102713737,104014.523215877,104674.523343881,105157.402701237
0.9,96295.5790701463,50455.0075679695,101527.711648871,103098.414620349,104059.835122489,104719.835250494,105202.714607849
0.904,96382.8517856333,50500.001696429,101572.70577733,103143.408748809,104104.829250949,104764.829378953,105247.708736309
0.908,96469.5145851968,50544.6813779819,101617.385458883,103188.088430362,104149.508932502,104809.509060506,105292.388417862
0.912,96555.5738402798,50589.0498974753,101661.753978377,103232.456949855,104193.877451995,104853.87758,105336.756937355
0.916,96641.035833888,50633.1104941618,101705.814575063,103276.517546542,104237.938048681,104897.938176686,105380.817534042
0.92,96725.9067621193,50676.866362488,101749.570443389,103320.273414868,104281.693917008,104941.694045012,105424.573402368
0.924,96810.1927356609,50720.3206528661,101793.024733768,103363.727705246,104325.148207386,104985.148335391,105468.027692746
0.928,96893.8997812561,50763.4764724307,101836.180553332,103406.883524811,104368.30402695,105028.304154955,105511.183512311
0.932,96977.0338431407,50806.3368857789,101879.04096668,103449.743938159,104411.164440299,105071.164568303,105554.043925659
0.936,97059.6007844503,50848.9049156959,101921.608996597,103492.311968076,104453.732470216,105113.73259822,105596.611955576
0.94,97141.6063885988,50891.1835438658,101963.887624767,103534.590596246,104496.011098385,105156.01122639,105638.890583746
0.944,97223.0563606282,50933.1757115675,102005.879792469,103576.582763947,104538.003266087,105198.003394092,105680.882751447
0.948,97303.9563285323,50974.884320357,102047.588401259,103618.291372737,104579.711874877,105239.712002882,105722.591360237
0.952,97384.3118445529,51016.3122327358,102089.016313637,103659.719285116,104621.139787255,105281.13991526,105764.019272616
0.956,97464.1283864498,51057.4622728057,102130.166353707,103700.869325186,104662.289827325,105322.28995533,105805.169312686
0.96,97543.4113587456,51098.3372269104,102171.041307812,103741.74427929,104703.16478143,105363.164909435,105846.04426679
0.964,97622.1660939458,51138.9398442647,102211.643925166,103782.346896645,104743.767398784,105403.767526789,105886.646884145
0.968,97700.3978537342,51179.2728375707,102251.976918472,103822.679889951,104784.10039209,105444.100520095,105926.979877451
0.972,97778.1118301451,51219.338883622,102292.042964524,103862.745936002,104824.166438142,105484.166566147,105967.045923502
0.976,97855.3131467112,51259.1406238959,102331.844704797,103902.547676276,104863.968178416,105523.96830642,106006.847663776
0.98,97932.0068595904,51298.6806651341,102371.384746036,103942.087717514,104903.508219654,105563.508347659,106046.387705014
0.984,98008.1979586694,51337.9615799114,102410.665660813,103981.368632291,104942.789134431,105602.789262436,106085.668619791
0.988,98083.8913686456,51376.9859071939,102449.689988095,104020.392959574,104981.813461714,105641.813589718,106124.692947074
0.992,98159.0919500885,51415.7561528863,102488.460233788,104059.163205266,105020.583707406,105680.583835411,106163.463192766
0.996,98233.8045004803,51454.2747903677,102526.978871269,104097.681842748,105059.102344887,105719.102472892,106201.981830248
1,98308.0337552358,51492.5442610182,102565.24834192,104135.951313398,105097.371815538,105757.371943543,106240.251300898
1.004,98381.7843887029,51530.5669747343,102603.271055636,104173.974027114,105135.394529254,105795.394657259,106278.274014614
1.008,98455.0610151442,51568.3453104349,102641.049391336,104211.752362815,105173.172864955,105833.172992959,106316.052350315
1.012,98527.8681896989,51605.8816165577,102678.585697459,104249.288668938,105210.709171077,105870.709299082,106353.588656437
1.016,98600.210409327,51643.1782115453,102715.882292447,104286.585263925,105248.005766065,105908.00589407,106390.885251425
1.02,98672.092113735,51680.2373843231,102752.941465225,104323.644436703,105285.064938843,105945.065066848,106427.944424203
1.024,98743.5176862846,51717.0613947673,102789.765475669,104360.468447147,105321.888949287,105981.889077292,106464.768434647
1.028,98814.4914548831,51753.6524741643,102826.356555066,104397.059526544,105358.480028684,106018.480156689,106501.359514044
1.032,98885.017692858,51790.0128256612,102862.716906563,104433.419878041,105394.840380181,106054.840508186,106537.719865541
1.036,98955.1006198145,51826.1446247086,102898.84870561,104469.551677089,105430.972179228,106090.972307233,106573.851664588
1.04,99024.7444024772,51862.0500194937,102934.754100395,104505.457071874,105466.877574013,106126.877702018,106609.757059374
1.044,99093.953155516,51897.7311313667,102970.435212268,104541.138183747,105502.558685886,106162.558813891,106645.438171246
1.048,99162.7309423559,51933.1900552579,103005.894136159,104576.597107638,105538.017609778,106198.017737782,106680.897095138
1.052,99231.0817759732,51968.4288600885,103041.13294099,104611.835912468,105573.256414608,106233.256542613,106716.135899968
1.056,99299.0096196752,52003.4495891726,103076.153670074,104646.856641553,105608.277143692,106268.277271697,106751.156629052
1.06,99366.5183878664,52038.2542606119,103110.958341513,104681.661312992,105643.081815132,106303.081943136,106785.961300492
1.064,99433.6119468011,52072.8448676838,103145.548948585,104716.251920064,105677.672422203,106337.672550208,106820.551907564
1.068,99500.2941153206,52107.2233792218,103179.927460123,104750.630431602,105712.050933741,106372.051061746,106854.930419102
1.072,99566.5686655784,52141.3917399889,103214.09582089,104784.798792369,105746.219294509,106406.219422513,106889.098779869
1.076,99632.439323751,52175.3518710447,103248.055951946,104818.758923425,105780.179425564,106440.179553569,106923.058910925
1.08,99697.909770737,52209.1056701049,103281.809751006,104852.512722485,105813.933224625,106473.933352629,106956.812709985
1.084,99762.9836428418,52242.6550118951,103315.359092797,104886.062064275,105847.482566415,106507.48269442,106990.362051775
1.088,99827.6645324517,52276.0017484982,103348.7058294,104919.408800878,105880.829303018,106540.829431023,107023.708788378
1.092,99891.9559886945,52309.1477096946,103381.851790596,104952.554762075,105913.975264214,106573.975392219,107056.854749574
1.096,99955.8615180888,52342.0947032973,103414.798784199,104985.501755677,105946.922257817,106606.922385822,107089.801743177
1.1,100019.384585182,52374.8445154804,103447.548596382,105018.25156786,105979.67207,106639.672198005,107122.55155536
1.104,100082.528613174,52407.3989111021,103480.102992004,105050.805963482,106012.226465622,106672.226593627,107155.105950982
1.108,100145.296984537,52439.7596340216,103512.463714923,105083.166686402,106044.587188541,106704.587316546,107187.466673901
1.112,100207.693041615,52471.9284074103,103544.632488312,105115.33545979,106076.75596193,106736.756089935,107219.63544729
1.116,100269.720087218,52503.9069340581,103576.61101496,105147.313986438,106108.734488578,106768.734616583,107251.613973938
1.12,100331.381385207,52535.6968966734,103608.400977575,105179.103949053,106140.524451193,106800.524579198,107283.403936553
1.124,100392.680161062,52567.2999581787,103640.00403908,105210.707010559,106172.127512698,106832.127640703,107315.006998059
1.128,100453.619602452,52598.7177620002,103671.421842902,105242.12481438,106203.54531652,106863.545444525,107346.42480188
1.132,100514.202859779,52629.9519323528,103702.656013254,105273.358984733,106234.779486872,106894.779614877,107377.658972233
1.136,100574.433046726,52661.0040745201,103733.708155422,105304.4111269,106265.83162904,106925.831757045,107408.7111144
1.14,100634.31324079,52691.8757751294,103764.579856031,105335.282827509,106296.703329649,106956.703457654,107439.582815009
1.144,100693.846483803,52722.5686024216,103795.272683323,105365.975654802,106327.396156941,106987.396284946,107470.275642301
1.148,100753.035782454,52753.0841065175,103825.788187419,105396.491158897,106357.911661037,107017.911789042,107500.791146397
1.152,100811.884108786,52783.4238196779,103856.127900579,105426.830872058,106388.251374198,107048.251502202,107531.130859558
1.156,100870.394400701,52813.5892565608,103886.293337462,105456.996308941,106418.41681108,107078.416939085,107561.296296441
1.16,100928.569562445,52843.5819144728,103916.285995374,105486.988966853,106448.409468992,107108.409596997,107591.288954353
1.164,100986.41246509,52873.4032736176,103946.107354519,105516.810325998,106478.230828137,107138.230956142,107621.110313497
1.168,101043.925947005,52903.0547973388,103975.75887824,105546.461849719,106507.882351858,107167.882479863,107650.761837219
1.172,101101.112814324,52932.5379323596,104005.242013261,105575.94498474,106537.365486879,107197.365614884,107680.244972239
1.176,101157.975841397,52961.8541090183,104034.55818992,105605.261161398,106566.681663538,107226.681791543,107709.561148898
1.18,101214.517771241,52991.0047414991,104063.708822401,105634.411793879,106595.832296019,107255.832424024,107738.711781379
1.184,101270.741315984,53019.9912280599,104092.695308961,105663.39828044,106624.81878258,107284.818910584,107767.69826794
1.188,101326.649157293,53048.8149512558,104121.519032157,105692.222003636,106653.642505775,107313.64263378,107796.521991136
1.192,101382.243946805,53077.4772781588,104150.18135906,105720.884330539,106682.304832678,107342.304960683,107825.184318039
1.196,101437.528306546,53105.9795605741,104178.683641476,105749.386612954,106710.807115094,107370.807243099,107853.686600454
1.2,101492.504829338,53134.3231352523,104207.027216154,105777.730187632,106739.150689772,107399.150817777,107882.030175132
1.204,101547.176079212,53162.509324099,104235.213405,105805.916376479,106767.336878619,107427.337006623,107910.216363979
1.208,101601.544591801,53190.5394343794,104263.243515281,105833.946486759,106795.366988899,107455.367116904,107938.246474259
1.212,101655.612874734,53218.4147589215,104291.118839823,105861.821811301,106823.242313441,107483.242441446,107966.121798801
1.216,101709.383408022,53246.136576314,104318.840657216,105889.543628694,106850.964130834,107510.964258839,107993.843616194
1.22,101762.858644435,53273.7061511021,104346.410232004,105917.113203482,106878.533705622,107538.533833627,108021.413190982
1.224,101816.041009879,53301.1247339798,104373.828814881,105944.53178636,106905.952288499,107565.952416504,108048.83177386
1.228,101868.932903757,53328.3935619791,104401.097642881,105971.800614359,106933.221116499,107593.221244504,108076.100601859
1.232,101921.536699338,53355.5138586558,104428.217939557,105998.920911036,106960.341413175,107620.34154118,108103.220898536
1.236,101973.854744102,53382.4868342729,104455.190915174,106025.893886653,106987.314388793,107647.314516797,108130.193874153
1.24,102025.889360098,53409.3136859802,104482.017766882,106052.72073836,107014.1412405,107674.141368505,108157.02072586
1.244,102077.642844282,53435.9955979916,104508.699678893,106079.402650372,107040.823152511,107700.823280516,108183.702637871
1.248,102129.117468859,53462.5337417595,104535.237822661,106105.940794139,107067.361296279,107727.361424284,108210.240781639
1.252,102180.315481611,53488.9292761461,104561.633357048,106132.336328526,107093.756830666,107753.756958671,108236.636316026
1.256,102231.239106229,53515.1833475919,104587.887428493,106158.590399972,107120.010902112,107780.011030116,108262.890387472
1.26,102281.89054263,53541.2970902822,104614.001171184,106184.704142662,107146.124644802,107806.124772807,108289.004130162
1.264,102332.27196728,53567.2716263098,104639.975707211,106210.67867869,107172.099180829,107832.099308834,108314.97866619
1.268,102382.385533498,53593.1080658364,104665.812146738,106236.515118216,107197.935620356,107857.935748361,108340.815105716
1.272,102432.233371771,53618.80750725,104691.511588151,106262.21455963,107223.63506177,107883.635189775,108366.51454713
1.276,102481.817590049,53644.3710373212,104717.075118223,106287.778089701,107249.198591841,107909.198719846,108392.078077201
1.28,102531.140274046,53669.7997313561,104742.503812258,106313.206783736,107274.627285876,107934.627413881,108417.506771236
1.284,102580.203487531,53695.0946533472,104767.798734249,106338.501705727,107299.922207867,107959.922335872,108442.801693227
1.288,102629.009272618,53720.2568561217,104792.960937023,106363.663908502,107325.084410641,107985.084538646,108467.963896002
1.292,102677.559650045,53745.2873814875,104817.991462389,106388.694433867,107350.114936007,108010.115064012,108492.994421367
1.296,102725.856619459,53770.1872603772,104842.891341279,106413.594312757,107375.014814897,108035.014942902,108517.894300257
1.3,102773.902159684,53794.9575129895,104867.661593891,106438.364565369,107399.785067509,108059.785195514,108542.664552869
1.304,102821.698228995,53819.5991489286,104892.30322983,106463.006201309,107424.426703448,108084.426831453,108567.306188808
1.308,102869.246765385,53844.1131673414,104916.817248243,106487.520219721,107448.940721861,108108.940849866,108591.820207221
1.312,102916.549686824,53868.5005570524,104941.204637954,106511.907609432,107473.328111572,108133.328239577,108616.207596932
1.316,102963.608891517,53892.7622966967,104965.466377598,106536.169349077,107497.589851216,108157.589979221,108640.469336576
1.32,103010.426258163,53916.899354851,104989.603435753,106560.306407231,107521.726909371,108181.727037376,108664.606394731
1.324,103057.003646198,53940.9126901627,105013.616771064,106584.319742543,107545.740244682,108205.740372687,108688.619730042
1.328,103103.342896045,53964.803251476,105037.507332378,106608.210303856,107569.630805996,108229.630934001,108712.510291356
1.332,103149.445829356,53988.5719779581,105061.27605886,106631.979030338,107593.399532478,108253.399660483,108736.279017838
1.336,103195.314249251,54012.2197992211,105084.923880123,106655.626851601,107617.047353741,108277.047481746,108759.926839101
1.34,103240.949940551,54035.747635444,105108.451716346,106679.154687824,107640.575189964,108300.575317969,108783.454675324
1.344,103286.354670013,54059.1563974916,105131.860478393,106702.563449872,107663.983952011,108323.984080016,108806.863437371
1.348,103331.530186555,54082.4469870324,105155.151067934,106725.854039412,107687.274541552,108347.274669557,108830.154026912
1.352,103376.478221482,54105.6202966539,105178.324377555,106749.027349034,107710.447851174,108370.447979178,108853.327336534
1.356,103421.200488706,54128.6772099773,105201.381290879,106772.084262357,107733.504764497,108393.504892502,108876.384249857
1.36,103465.698684966,54151.618601769,105224.322682671,106795.025654149,107756.446156289,108416.446284294,108899.325641649
1.364,103509.974490039,54174.445338052,105247.149418954,106817.852390432,107779.272892572,108439.273020577,108922.152377932
1.368,103554.029566957,54197.1582762144,105269.862357116,106840.565328594,107801.985830734,108461.985958739,108944.865316094
1.372,103597.865562208,54219.7582651168,105292.462346018,106863.165317497,107824.585819636,108484.585947641,108967.465304997
1.376,103641.484105948,54242.2461451983,105314.9502261,106885.653197578,107847.073699718,108507.073827723,108989.953185078
1.38,103684.886812199,54264.6227485804,105337.326829482,106908.02980096,107869.4503031,108529.450431105,109012.32978846
1.384,103728.075279048,54286.8888991699,105359.592980071,106930.29595155,107891.716453689,108551.716581694,109034.59593905
1.388,103771.051088846,54309.0454127596,105381.749493661,106952.45246514,107913.872967279,108573.873095284,109056.752452639
1.392,103813.815808399,54331.0930971285,105403.79717803,106974.500149508,107935.920651648,108595.920779653,109078.800137008
1.396,103856.370989157,54353.0327521395,105425.736833041,106996.439804519,107957.860306659,108617.860434664,109100.739792019
1.4,103898.718167407,54374.8651698364,105447.569250738,107018.272222216,107979.692724356,108639.692852361,109122.572209716
1.404,103940.858864451,54396.5911345392,105469.295215441,107039.998186919,108001.418689059,108661.418817064,109144.298174419
1.408,103982.794586794,54418.2114229377,105490.915503839,107061.618475318,108023.038977457,108683.039105462,109165.918462818
1.412,104024.526826321,54439.7268041846,105512.430885086,107083.133856564,108044.554358704,108704.554486709,109187.433844064
1.416,104066.057060471,54461.1380399861,105533.842120888,107104.545092366,108065.965594506,108725.965722511,109208.845079866
1.42,104107.386752419,54482.4458846925,105555.149965594,107125.852937072,108087.273439212,108747.273567217,109230.152924572
1.424,104148.51735124,54503.651085386,105576.355166288,107147.058137766,108108.478639906,108768.478767911,109251.358125266
1.428,104189.450292083,54524.7543819687,105597.45846287,107168.161434349,108129.581936488,108789.582064493,109272.461421848
1.432,104230.186996335,54545.7565072482,105618.46058815,107189.163559628,108150.584061768,108810.584189773,109293.463547128
1.436,104270.728871789,54566.6581870227,105639.362267924,107210.065239403,108171.485741542,108831.485869547,109314.365226903
1.44,104311.077312803,54587.4601401644,105660.164221066,107230.867192544,108192.287694684,108852.287822689,109335.167180044
1.444,104351.233700461,54608.1630787022,105680.867159604,107251.570131082,108212.990633222,108872.990761227,109355.870118582
1.448,104391.199402732,54628.7677079027,105701.471788804,107272.174760283,108233.595262422,108893.595390427,109376.474747783
1.452,104430.975774621,54649.2747263501,105721.978807252,107292.68177873,108254.10228087,108914.102408875,109396.98176623
1.456,104470.564158329,54669.6848260258,105742.388906927,107313.091878406,108274.512380545,108934.51250855,109417.391865906
1.46,104509.965883397,54689.9986923855,105762.702773287,107333.405744765,108294.826246905,108954.82637491,109437.705732265
1.464,104549.182266861,54710.2170044366,105782.921085338,107353.624056817,108315.044558956,108975.044686961,109457.924044316
1.468,104588.214613391,54730.3404348132,105803.044515715,107373.747487193,108335.167989333,108995.168117338,109478.047474693
1.472,104627.064215446,54750.3696498512,105823.073730753,107393.776702231,108355.197204371,109015.197332376,109498.076689731
1.476,104665.732353407,54770.3053096617,105843.009390563,107413.712362042,108375.132864181,109035.132992186,109518.012349542
1.48,104704.220295722,54790.1480682034,105862.852149105,107433.555120583,108394.975622723,109054.975750728,109537.855108083
1.484,104742.529299047,54809.8985733543,105882.602654256,107453.305625734,108414.726127874,109074.726255879,109557.605613234
1.488,104780.660608378,54829.5574669819,105902.261547883,107472.964519362,108434.385021502,109094.385149506,109577.264506862
1.492,104818.615457188,54849.1253850134,105921.829465915,107492.532437393,108453.952939533,109113.953067538,109596.832424893
1.496,104856.395067561,54868.6029575032,105941.307038405,107512.010009883,108473.430512023,109133.430640028,109616.309997383
1.5,104894.000650323,54887.9908087017,105960.694889603,107531.397861082,108492.818363221,109152.818491226,109635.697848582
1.504,104931.433405167,54907.2895571211,105979.993638023,107550.696609501,108512.117111641,109172.117239646,109654.996597001
1.508,104968.694520788,54926.4998156017,105999.203896503,107569.906867982,108531.327370121,109191.327498126,109674.206855482
1.512,105005.785175004,54945.6221913765,106018.326272278,107589.029243756,108550.449745896,109210.449873901,109693.329231256
1.516,105042.70653488,54964.6572861351,106037.361367037,107608.064338515,108569.484840655,109229.48496866,109712.364326015
1.52,105079.459756851,54983.6056960873,106056.309776989,107627.012748467,108588.433250607,109248.433378612,109731.312735967
1.524,105116.045986846,55002.4680120249,106075.172092926,107645.875064405,108607.295566545,109267.295694549,109750.175051905
1.528,105152.466360402,55021.244819383,106093.948900285,107664.651871763,108626.072373903,109286.072501908,109768.951859263
1.532,105188.722002785,55039.9366983011,106112.640779203,107683.343750681,108644.764252821,109304.764380826,109787.643738181
1.536,105224.814029103,55058.5442236825,106131.248304584,107701.951276062,108663.371778202,109323.371906207,109806.251263562
1.54,105260.743544424,55077.067965253,106149.772046155,107720.475017633,108681.895519773,109341.895647778,109824.775005133
1.544,105296.511643886,55095.5084876197,106168.212568521,107738.91554,108700.336042139,109360.336170144,109843.2155275
1.548,105332.119412809,55113.8663503278,106186.570431229,107757.273402708,108718.693904847,109378.694032852,109861.573390208
1.552,105367.567926805,55132.1421079174,106204.846188819,107775.549160297,108736.969662437,109396.969790442,109879.849147797
1.556,105402.858251886,55150.3363099795,106223.040390881,107793.743362359,108755.163864499,109415.163992504,109898.043349859
1.56,105437.991444571,55168.4495012105,106241.153582112,107811.856553591,108773.27705573,109433.277183735,109916.15654109
1.564,105472.968551992,55186.4822214676,106259.186302369,107829.889273848,108791.309775987,109451.309903992,109934.189261347
1.568,105507.790611997,55204.4350058213,106277.139086723,107847.842058201,108809.262560341,109469.262688346,109952.142045701
1.572,105542.458653254,55222.308384609,106295.012465511,107865.715436989,108827.135939129,109487.136067134,109970.015424489
1.576,105576.973695349,55240.1028834872,106312.806964389,107883.509935867,108844.930438007,109504.930566012,109987.809923367
1.58,105611.336748892,55257.8190234827,106330.523104384,107901.226075863,108862.646578002,109522.646706007,110005.526063363
1.584,105645.548815609,55275.4573210438,106348.161401945,107918.864373424,108880.284875563,109540.285003568,110023.164360924
1.588,105679.610888444,55293.0182880902,106365.722368992,107936.42534047,108897.84584261,109557.845970615,110040.72532797
1.592,105713.523951652,55310.5024320628,106383.206512964,107953.909484443,108915.329986582,109575.330114587,110058.209471943
1.596,105747.288980898,55327.9102559724,106400.614336874,107971.317308352,108932.737810492,109592.737938497,110075.617295852
1.6,105780.906943344,55345.2422584479,106417.946339349,107988.649310828,108950.069812968,109610.069940972,110092.949298328
1.604,105814.378797749,55362.498933784,106435.203014686,108005.905986164,108967.326488304,109627.326616309,110110.205973664
1.608,105847.705494553,55379.6807719883,106452.38485289,108023.087824368,108984.508326508,109644.508454513,110127.387811868
1.612,105880.887975973,55396.7882588274,106469.492339729,108040.195311207,109001.615813347,109661.615941352,110144.495298707
1.616,105913.927176087,55413.8218758729,106486.525956774,108057.228928253,109018.649430393,109678.649558397,110161.528915753
1.62,105946.824020925,55430.7821005466,106503.486181448,108074.189152927,109035.609655066,109695.609783071,110178.489140426
1.624,105979.579428553,55447.6694061649,106520.373487066,108091.076458545,109052.496960685,109712.497088689,110195.376446045
1.628,106012.194309161,55464.4842619832,106537.188342885,108107.891314363,109069.311816503,109729.311944508,110212.191301863
1.632,106044.669565146,55481.2271332387,106553.93121414,108124.634185619,109086.054687758,109746.054815763,110228.934173119
1.636,106077.006091193,55497.8984811942,106570.602562096,108141.305533574,109102.726035714,109762.726163719,110245.605521074
1.64,106109.204774362,55514.4987631797,106587.202844081,108157.90581556,109119.326317699,109779.326445704,110262.205803059
1.644,106141.266494165,55531.0284326346,106603.732513536,108174.435485014,109135.855987154,109795.856115159,110278.735472514
1.648,106173.192122647,55547.4879391489,106620.19202005,108190.894991529,109152.315493669,109812.315621673,110295.194979029
1.652,106204.982524467,55563.877728504,106636.581809405,108207.284780884,109168.705283024,109828.705411029,110311.584768384
1.656,106236.638556975,55580.1982427128,106652.902323614,108223.605295093,109185.025797232,109845.025925237,110327.905282593
1.66,106268.161070286,55596.4499200598,106669.154000961,108239.85697244,109201.277474579,109861.277602584,110344.15695994
1.664,106299.550907361,55612.6331951398,106685.337276041,108256.04024752,109217.460749659,109877.460877664,110360.34023502
1.668,106330.808904081,55628.7484988969,106701.452579798,108272.155551277,109233.576053417,109893.576181421,110376.455538777
1.672,106361.935889317,55644.7962586631,106717.500339565,108288.203311043,109249.623813183,109909.623941188,110392.503298543
1.676,106392.932685009,55660.7768981954,106733.480979097,108304.183950575,109265.604452715,109925.60458072,110408.483938075
1.68,106423.800106235,55676.6908377136,106749.394918615,108320.097890094,109281.518392233,109941.518520238,110424.397877593
1.684,106454.538961283,55692.538493937,106765.242574839,108335.945546317,109297.366048457,109957.366176462,110440.245533817
1.688,106485.150051722,55708.3202801207,106781.024361022,108351.727332501,109313.14783464,109973.147962645,110456.027320001
1.692,106515.634172471,55724.0366060916,106796.740686993,108367.443658472,109328.864160611,109988.864288616,110471.743645971
1.696,106545.992111869,55739.6878782837,106812.391959185,108383.094930664,109344.515432803,110004.515560808,110487.394918164
1.7,106576.224651742,55755.2744997736,106827.978580675,108398.681552154,109360.102054293,110020.102182298,110502.981539653
1.704,106606.332567469,55770.7968703145,106843.500951216,108414.203922694,109375.624424834,110035.624552839,110518.503910194
1.708,106636.316628053,55786.2553863707,106858.959467272,108429.662438751,109391.08294089,110051.083068895,110533.962426251
1.712,106666.177596179,55801.6504411516,106874.354522053,108445.057493532,109406.477995671,110066.478123676,110549.357481031
1.716,106695.916228286,55816.9824246443,106889.686505546,108460.389477024,109421.809979164,110081.810107169,110564.689464524
1.72,106725.533274625,55832.2517236475,106904.955804549,108475.658776027,109437.079278167,110097.079406172,110579.958763527
1.724,106755.029479327,55847.458721803,106920.162802705,108490.865774183,109452.286276323,110112.286404328,110595.165761683
1.728,106784.405580463,55862.6037996288,106935.30788053,108506.010852009,109467.431354148,110127.431482153,110610.310839509
1.732,106813.662310102,55877.6873345501,106950.391415452,108521.09438693,109482.51488907,110142.515017075,110625.39437443
1.736,106842.800394381,55892.709700931,106965.413781833,108536.116753311,109497.537255451,110157.537383456,110640.416740811
1.74,106871.820553556,55907.6712701055,106980.375351007,108551.078322485,109512.498824625,110172.49895263,110655.378309985
1.744,106900.723502064,55922.572410408,106995.276491309,108565.979462788,109527.399964928,110187.400092932,110670.279450288
1.748,106929.509948586,55937.4134872034,107010.117568105,108580.820539583,109542.241041723,110202.241169728,110685.120527083
1.752,106958.180596098,55952.1948629172,107024.898943819,108595.601915297,109557.022417437,110217.022545442,110699.901902797
1.756,106986.736141934,55966.9168970649,107039.620977966,108610.323949445,109571.744451585,110231.744579589,110714.623936945
1.76,107015.177277838,55981.5799462811,107054.284027183,108624.986998661,109586.407500801,110246.407628806,110729.286986161
1.764,107043.504690025,55996.1843643485,107068.88844525,108639.591416728,109601.011918868,110261.012046873,110743.891404228
1.768,107071.71905923,56010.7305022261,107083.434583128,108654.137554606,109615.558056746,110275.558184751,110758.437542106
1.772,107099.821060768,56025.2187080772,107097.922788979,108668.625760457,109630.046262597,110290.046390602,110772.925747957
1.776,107127.811364584,56039.6493272977,107112.353408199,108683.056379678,109644.476881817,110304.477009822,110787.356367178
1.78,107155.69063531,56054.0227025432,107126.726783445,108697.429754923,109658.850257063,110318.850385068,110801.729742423
1.784,107183.459532313,56068.339173756,107141.043254657,108711.746226136,109673.166728276,110333.16685628,110816.046213636
1.788,107211.118709751,56082.5990781921,107155.303159094,108726.006130572,109687.426632712,110347.426760717,110830.306118072
1.792,107238.668816622,56096.8027504478,107169.506831349,108740.209802828,109701.630304967,110361.630432972,110844.509790328
1.796,107266.110496817,56110.9505224857,107183.654603387,108754.357574866,109715.778077005,110375.77820501,110858.657562365
1.8,107293.444389167,56125.0427236602,107197.746804562,108768.44977604,109729.87027818,110389.870406185,110872.74976354
1.804,107320.671127496,56139.079680744,107211.783761646,108782.486733124,109743.907235264,110403.907363269,110886.786720624
1.808,107347.791340665,56153.0617179524,107225.765798854,108796.468770332,109757.889272472,110417.889400477,110900.768757832
1.812,107374.805652629,56166.9891569688,107239.69323787,108810.396209349,109771.816711488,110431.816839493,110914.696196849
1.816,107401.714682475,56180.8623169691,107253.566397871,108824.269369349,109785.689871489,110445.689999494,110928.569356849
1.82,107428.519044476,56194.6815146465,107267.385595548,108838.088567026,109799.509069166,110459.509197171,110942.388554526
1.824,107455.219348136,56208.4470642349,107281.151145136,108851.854116615,109813.274618755,110473.274746759,110956.154104115
1.828,107481.816198233,56222.1592775334,107294.863358435,108865.566329913,109826.986832053,110486.986960058,110969.866317413
1.832,107508.310194871,56235.8184639295,107308.522544831,108879.225516309,109840.646018449,110500.646146454,110983.525503809
1.836,107534.70193352,56249.4249304225,107322.129011324,108892.831982802,109854.252484942,110514.252612947,110997.131970302
1.84,107560.992005061,56262.9789816463,107335.683062548,108906.386034026,109867.806536166,110527.806664171,111010.686021526
1.844,107587.180995834,56276.4809198924,107349.185000794,108919.887972272,109881.308474412,110541.308602417,111024.187959772
1.848,107613.269487678,56289.9310451321,107362.635126034,108933.338097512,109894.758599652,110554.758727657,111037.638085012
1.852,107639.258057972,56303.3296550389,107376.03373594,108946.736707419,109908.157209559,110568.157337563,111051.036694919
1.856,107665.147279686,56316.6770450106,107389.381125912,108960.084097391,109921.50459953,110581.504727535,111064.38408489
1.86,107690.937721413,56329.9735081907,107402.677589092,108973.380560571,109934.80106271,110594.801190715,111077.68054807
1.864,107716.629947418,56343.2193354898,107415.923416391,108986.62638787,109948.046890009,110608.047018014,111090.92637537
1.868,107742.224517675,56356.4148156073,107429.118896509,108999.821867987,109961.242370127,110621.242498132,111104.121855487
1.872,107767.72198791,56369.5602350519,107442.264315953,109012.967287432,109974.387789572,110634.387917576,111117.267274932
1.876,107793.12290964,56382.6558781627,107455.359959064,109026.062930543,109987.483432682,110647.483560687,111130.362918043
1.88,107818.427830214,56395.7020271293,107468.406108031,109039.109079509,110000.529581649,110660.529709654,111143.409067009
1.884,107843.637292851,56408.6989620124,107481.403042914,109052.106014392,110013.526516532,110673.526644537,111156.406001892
1.888,107868.751836678,56421.6469607637,107494.351041665,109065.054013144,110026.474515283,110686.474643288,111169.354000644
1.892,107893.771996771,56434.5462992458,107507.250380147,109077.953351626,110039.373853765,110699.37398177,111182.253339126
1.896,107918.698304193,56447.3972512517,107520.101332153,109090.804303632,110052.224805771,110712.224933776,111195.104291132
1.9,107943.531286027,56460.2000885241,107532.904169426,109103.607140904,110065.027643044,110725.027771049,111207.907128404
1.904,107968.271465421,56472.9550807748,107545.659161676,109116.362133155,110077.782635294,110737.782763299,111220.662120655
1.908,107992.919361616,56485.6624957035,107558.366576605,109129.069548083,110090.490050223,110750.490178228,111233.369535583
1.912,108017.475489988,56498.3225990165,107571.026679918,109141.729651396,110103.150153536,110763.150281541,111246.029638896
1.916,108041.940362085,56510.9356544451,107583.639735347,109154.342706825,110115.763208965,110775.76333697,111258.642694325
1.92,108066.314485655,56523.5019237643,107596.206004666,109166.908976144,110128.329478284,110788.329606289,111271.208963644
1.924,108090.598364691,56536.0216668105,107608.725747712,109179.42871919,110140.84922133,110800.849349335,111283.72870669
1.928,108114.792499459,56548.4951414997,107621.199222401,109191.90219388,110153.322696019,110813.322824024,111296.20218138
1.932,108138.897386532,56560.922603845,107633.626684747,109204.329656225,110165.750158365,110825.750286369,111308.629643725
1.936,108162.91351883,56573.3043079742,107646.008388876,109216.711360354,110178.131862494,110838.131990499,111321.011347854
1.94,108186.841385648,56585.6405061472,107658.344587049,109229.047558527,110190.468060667,110850.468188672,111333.347546027
1.944,108210.68147269,56597.9314487731,107670.635529675,109241.338501153,110202.759003293,110862.759131298,111345.638488653
1.948,108234.434262104,56610.177384427,107682.881465329,109253.584436807,110215.004938947,110875.005066952,111357.884424307
1.952,108258.100232515,56622.3785598668,107695.082640768,109265.785612247,110227.206114386,110887.206242391,111370.085599747
1.956,108281.679859052,56634.5352200501,107707.239300952,109277.94227243,110239.36277457,110899.362902575,111382.24225993
1.96,108305.173613386,56646.64760815,107719.351689051,109290.05466053,110251.47516267,110911.475290674,111394.35464803
1.964,108328.581963759,56658.7159655718,107731.420046473,109302.123017952,110263.543520091,110923.543648096,111406.423005452
1.968,108351.905375012,56670.7405319691,107743.444612871,109314.147584349,110275.568086489,110935.568214494,111418.447571849
1.972,108375.144308622,56682.721545259,107755.425626161,109326.128597639,110287.549099779,110947.549227784,111430.428585139
1.976,108398.299222727,56694.6592416387,107767.36332254,109338.066294019,110299.486796158,110959.486924163,111442.366281518
1.98,108421.370572159,56706.5538556001,107779.257936502,109349.96090798,110311.38141012,110971.381538125,111454.26089548
1.984,108444.358808473,56718.405619946,107791.109700847,109361.812672326,110323.233174466,110983.23330247,111466.112659826
1.988,108467.264379976,56730.2147658046,107802.918846706,109373.621818185,110335.042320324,110995.042448329,111477.921805684
1.992,108490.087731758,56741.9815226451,107814.685603547,109385.388575025,110346.809077165,111006.80920517,111489.688562525
1.996,108512.829305718,56753.7061182922,107826.410199194,109397.113170672,110358.533672812,111018.533800817,111501.413158172
2,108535.489540593,56765.3887789408,107838.092859842,109408.795831321,110370.21633346,111030.216461465,111513.095818821
