C4,RhlIPlus,RhlI(C12=0),RhlI(C12=0.4),RhlI(C12=0.8),RhlI(C12=1.2),RhlI(C12=1.6),RhlI(C12=2)
0,1860.7717,49786.0727,105681.402553284,109108.879720969,110346.730737798,110985.232572773,111374.837380945
0.004,2162.68946068435,49810.9569770402,105706.286830324,109133.763998009,110371.615014838,111010.116849813,111399.721657986
0.008,2463.10558737749,49835.7174883366,105731.04734162,109158.524509306,110396.375526134,111034.87736111,111424.482169282
0.012,2762.03125519707,49860.3551549502,105755.685008234,109183.162175919,110421.013192748,111059.515027723,111449.119835895
0.016,3059.47752864861,49884.8708888255,105780.200742109,109207.677909795,110445.528926623,111084.030761599,111473.635569771
0.02,3355.45536299061,49909.2655929026,105804.595446186,109232.072613872,110469.9236307,111108.425465676,111498.030273848
0.024,3649.97560557964,49933.5401612286,105828.870014512,109256.347182198,110494.198199026,111132.700034002,111522.304842174
0.028,3943.04899719549,49957.695479066,105853.02533235,109280.502500035,110518.353516864,111156.855351839,111546.460160011
0.032,4234.6861733469,49981.7324230011,105877.062276285,109304.53944397,110542.390460799,111180.892295774,111570.497103946
0.036,4524.89766555806,50005.6518610497,105900.981714333,109328.458882019,110566.309898847,111204.811733823,111594.416541995
0.04,4813.69390263644,50029.4546527614,105924.784506045,109352.261673731,110590.112690559,111228.614525535,111618.219333707
0.044,5101.08521192194,50053.141649323,105948.471502607,109375.948670292,110613.799687121,111252.301522096,111641.906330268
0.048,5387.08182051799,50076.7136936597,105972.043546943,109399.520714629,110637.371731457,111275.873566433,111665.478374605
0.052,5671.69385650467,50100.1716205349,105995.501473819,109422.978641504,110660.829658333,111299.331493308,111688.93630148
0.056,5954.93135013436,50123.5162566494,106018.846109933,109446.323277619,110684.174294447,111322.676129423,111712.280937595
0.06,6236.80423500999,50146.7484207376,106042.078274021,109469.555441707,110707.406458535,111345.908293511,111735.513101683
0.064,6517.32234924641,50169.8689236642,106065.198776948,109492.675944633,110730.526961462,111369.028796437,111758.633604609
0.068,6796.49543661496,50192.8785685175,106088.208421801,109515.685589487,110753.536606315,111392.038441291,111781.643249463
0.072,7074.33314767168,50215.7781507034,106111.108003987,109538.585171673,110776.436188501,111414.938023477,111804.542831649
0.076,7350.84504086938,50238.5684580362,106133.89831132,109561.375479005,110799.226495834,111437.728330809,111827.333138982
0.08,7626.04058365373,50261.2502708298,106156.580124114,109584.057291799,110821.908308628,111460.410143603,111850.014951775
0.084,7899.92915354386,50283.8243619858,106179.15421527,109606.631382955,110844.482399784,111482.984234759,111872.589042931
0.088,8172.5200391975,50306.291497082,106201.621350366,109629.098518051,110866.94953488,111505.451369855,111895.056178027
0.092,8443.82244146108,50328.6524344588,106223.982287743,109651.459455428,110889.310472257,111527.812307232,111917.417115404
0.096,8713.84547440493,50350.9079253044,106246.237778588,109673.714946274,110911.565963102,111550.067798078,111939.67260625
0.1,8982.59816634392,50373.0587137389,106268.388567023,109695.865734708,110933.716751537,111572.218586512,111961.823394684
0.104,9250.08946084367,50395.1055368973,106290.435390181,109717.912557866,110955.763574695,111594.26540967,111983.870217843
0.108,9516.32821771266,50417.0491250113,106312.378978295,109739.856145981,110977.707162809,111616.208997784,112005.813805957
0.112,9781.32321398043,50438.8902014901,106334.220054774,109761.697222459,110999.548239288,111638.050074263,112027.654882435
0.116,10045.0831448621,50460.6294829994,106355.959336283,109783.436503969,111021.287520797,111659.789355773,112049.394163945
0.12,10307.6166247095,50482.2676795403,106377.597532824,109805.074700509,111042.925717338,111681.427552313,112071.032360486
0.124,10568.9321879488,50503.8054945262,106399.13534781,109826.612515495,111064.463532324,111702.965367299,112092.570175471
0.128,10829.0382900057,50525.2436248593,106420.573478143,109848.050645829,111085.901662657,111724.403497632,112114.008305805
0.132,11087.9433082169,50546.5827610058,106441.91261429,109869.389781975,111107.240798803,111745.742633779,112135.347441951
0.136,11345.65554273,50567.8235870696,106463.153440353,109890.630608039,111128.481624867,111766.983459843,112156.588268015
0.14,11602.1832173902,50588.966780866,106484.29663415,109911.773801835,111149.624818664,111788.126653639,112177.731461811
0.144,11857.5344806151,50610.0130139934,106505.342867277,109932.820034963,111170.671051791,111809.172886767,112198.777694939
0.148,12111.7174062577,50630.9629519045,106526.292805188,109953.769972874,111191.620989702,111830.122824678,112219.72763285
0.152,12364.739994457,50651.8172539765,106547.14710726,109974.624274946,111212.475291774,111850.97712675,112240.581934922
0.156,12616.6101724778,50672.57657358,106567.906426864,109995.383594549,111233.234611378,111871.736446353,112261.341254525
0.16,12867.335795538,50693.241558148,106588.571411432,110016.048579117,111253.899595946,111892.401430921,112282.006239093
0.164,13116.924647626,50713.8128492421,106609.142702526,110036.619870211,111274.47088704,111912.972722015,112302.577530187
0.168,13365.3844423054,50734.2910826197,106629.620935903,110057.098103589,111294.949120417,111933.450955393,112323.055763565
0.172,13612.7228235103,50754.6768882995,106650.006741583,110077.483909269,111315.334926097,111953.836761073,112343.441569245
0.176,13858.9473663291,50774.9708906256,106670.300743909,110097.777911595,111335.628928423,111974.130763399,112363.735571571
0.18,14104.0655777773,50795.1737083315,106690.503561615,110117.980729301,111355.831746129,111994.333581105,112383.938389277
0.184,14348.0848975613,50815.2859546032,106710.615807887,110138.092975572,111375.943992401,112014.445827376,112404.050635548
0.188,14591.0126988303,50835.3082371409,106730.638090425,110158.11525811,111395.966274939,112034.468109914,112424.072918086
0.192,14832.8562889197,50855.2411582203,106750.571011504,110178.048179189,111415.899196018,112054.401030993,112444.005839166
0.196,15073.622910083,50875.0853147531,106770.415168037,110197.892335722,111435.743352551,112074.245187526,112463.849995698
0.2,15313.3197402154,50894.8412983467,106790.17115163,110217.648319316,111455.499336144,112094.00117112,112483.605979292
0.204,15551.9538935666,50914.5096953625,106809.839548646,110237.316716332,111475.16773316,112113.669568136,112503.274376308
0.208,15789.5324214451,50934.0910869744,106829.420940258,110256.898107944,111494.749124772,112133.250959748,112522.85576792
0.212,16026.0623129124,50953.5860492258,106848.91590251,110276.393070195,111514.244087024,112152.745921999,112542.350730171
0.216,16261.5504954687,50972.9951530862,106868.32500637,110295.802174055,111533.653190884,112172.155025859,112561.759834031
0.22,16496.0038357289,50992.318964507,106887.648817791,110315.125985476,111552.977002305,112191.47883728,112581.083645452
0.224,16729.4291400901,51011.5580444762,106906.88789776,110334.365065445,111572.216082274,112210.717917249,112600.322725421
0.228,16961.8331553903,51030.712949073,106926.042802357,110353.519970042,111591.370986871,112229.872821846,112619.477630018
0.232,17193.2225695585,51049.7842295213,106945.114082805,110372.591250491,111610.442267319,112248.944102295,112638.548910467
0.236,17423.6040122563,51068.7724322426,106964.102285526,110391.579453212,111629.43047004,112267.932305016,112657.537113188
0.24,17652.9840555109,51087.678098908,106983.007952192,110410.485119877,111648.336136706,112286.837971681,112676.442779853
0.244,17881.36921434,51106.5017664898,107001.831619774,110429.308787459,111667.159804288,112305.661639263,112695.266447435
0.248,18108.7659473689,51125.2439673127,107020.573820596,110448.050988282,111685.90200511,112324.403840086,112714.008648258
0.252,18335.1806574391,51143.9052291033,107039.235082387,110466.712250073,111704.563266901,112343.065101877,112732.669910049
0.256,18560.6196922093,51162.4860750403,107057.815928324,110485.29309601,111723.144112838,112361.645947813,112751.250755986
0.26,18785.0893447489,51180.9870238029,107076.316877087,110503.794044772,111741.645061601,112380.146896576,112769.751704748
0.264,19008.5958541229,51199.4085896192,107094.738442903,110522.215610588,111760.066627417,112398.568462392,112788.173270564
0.268,19231.1454059707,51217.7512823141,107113.081135598,110540.558303283,111778.409320112,112416.911155087,112806.515963259
0.272,19452.7441330764,51236.015607356,107131.34546064,110558.822628325,111796.673645154,112435.175480129,112824.780288301
0.276,19673.3981159321,51254.2020659034,107149.531919187,110577.009086873,111814.860103701,112453.361938677,112842.966746849
0.28,19893.1133832941,51272.3111548507,107167.641008134,110595.11817582,111832.969192648,112471.471027624,112861.075835796
0.284,20111.895912732,51290.3433668735,107185.673220157,110613.150387843,111851.001404671,112489.503239647,112879.108047819
0.288,20329.751631171,51308.2991904731,107203.629043757,110631.106211442,111868.957228271,112507.459063246,112897.063871418
0.292,20546.6864154265,51326.1791100209,107221.508963305,110648.98613099,111886.837147819,112525.338982794,112914.943790966
0.296,20762.7060927334,51343.9836058017,107239.313459085,110666.790626771,111904.641643599,112543.143478575,112932.748286747
0.3,20977.8164412672,51361.7131540568,107257.043007341,110684.520175026,111922.371191855,112560.87302683,112950.477835002
0.304,21192.0231906595,51379.3682270266,107274.69808031,110702.175247996,111940.026264824,112578.5280998,112968.132907972
0.308,21405.3320225066,51396.9492929923,107292.279146276,110719.756313962,111957.60733079,112596.109165766,112985.713973938
0.312,21617.7485708719,51414.4568163175,107309.786669601,110737.263837287,111975.114854115,112613.616689091,113003.221497263
0.316,21829.2784227822,51431.8912574888,107327.221110773,110754.698278458,111992.549295287,112631.051130262,113020.655938434
0.32,22039.9271187168,51449.2530731565,107344.58292644,110772.060094126,112009.911110954,112648.41294593,113038.017754102
0.324,22249.7001530921,51466.5427161743,107361.872569458,110789.349737143,112027.200753972,112665.702588947,113055.30739712
0.328,22458.6029747388,51483.7606356387,107379.090488922,110806.567656608,112044.418673436,112682.920508412,113072.525316584
0.332,22666.6409873738,51500.907276928,107396.237130212,110823.714297897,112061.565314726,112700.067149701,113089.671957873
0.336,22873.8195500662,51517.9830817404,107413.312935024,110840.79010271,112078.641119538,112717.142954514,113106.747762686
0.34,23080.1439776975,51534.9884881322,107430.318341416,110857.795509101,112095.64652593,112734.148360905,113123.753169077
0.344,23285.6195414158,51551.9239305552,107447.253783839,110874.730951524,112112.581968353,112751.083803328,113140.6886115
0.348,23490.2514690852,51568.7898398938,107464.119693178,110891.596860863,112129.447877692,112767.949712667,113157.554520839
0.352,23694.0449457287,51585.5866435012,107480.916496785,110908.39366447,112146.244681299,112784.746516274,113174.351324446
0.356,23897.0051139664,51602.3147652358,107497.64461852,110925.121786205,112162.972803034,112801.474638009,113191.079446181
0.36,24099.1370744481,51618.9746254968,107514.304478781,110941.781646466,112179.632663294,112818.13449827,113207.739306442
0.364,24300.4458862804,51635.5666412593,107530.896494543,110958.373662229,112196.224679057,112834.726514033,113224.331322205
0.368,24500.936567449,51652.0912261095,107547.421079393,110974.898247079,112212.749263907,112851.251098883,113240.855907055
0.372,24700.6140952353,51668.5487902782,107563.878643562,110991.355811247,112229.206828076,112867.708663051,113257.313471223
0.376,24899.483406629,51684.9397406758,107580.26959396,111007.746761645,112245.597778474,112884.099613449,113273.704421621
0.38,25097.5493987339,51701.264480925,107596.594334209,111024.071501894,112261.922518723,112900.424353698,113290.02916187
0.384,25294.8169291711,51717.5234113944,107612.853264678,111040.330432364,112278.181449192,112916.683284168,113306.28809234
0.388,25491.2908164751,51733.716929231,107629.046782515,111056.5239502,112294.374967029,112932.876802004,113322.481610176
0.392,25686.9758404867,51749.8454283929,107645.175281677,111072.652449362,112310.503466191,112949.005301166,113338.610109338
0.396,25881.8767427406,51765.9092996805,107661.239152964,111088.71632065,112326.567337478,112965.069172454,113354.673980626
0.4,26075.9982268479,51781.9089307689,107677.238784053,111104.715951738,112342.566968567,112981.068803542,113370.673611714
0.404,26269.3449588753,51797.8447062386,107693.174559522,111120.651727208,112358.502744036,112997.004579012,113386.609387184
0.408,26461.9215677181,51813.7170076066,107709.04686089,111136.524028576,112374.375045404,113012.87688038,113402.481688552
0.412,26653.7326454702,51829.5262133564,107724.85606664,111152.333234326,112390.184251154,113028.68608613,113418.290894302
0.416,26844.7827477889,51845.2726989685,107740.602552252,111168.079719938,112405.930736766,113044.432571742,113434.037379914
0.42,27035.0763942555,51860.9568369501,107756.286690234,111183.763857919,112421.614874748,113060.116709723,113449.721517895
0.424,27224.6180687318,51876.5789968643,107771.908850148,111199.386017834,112437.237034662,113075.738869637,113465.34367781
0.428,27413.4122197124,51892.1395453591,107787.469398643,111214.946566328,112452.797583157,113091.299418132,113480.904226304
0.432,27601.4632606724,51907.6388461964,107802.96869948,111230.445867166,112468.296883994,113106.79871897,113496.403527142
0.436,27788.7755704116,51923.0772602798,107818.407113564,111245.884281249,112483.735298078,113122.237133053,113511.841941225
0.44,27975.3534933944,51938.4551456834,107833.784998967,111261.262166653,112499.113183481,113137.615018457,113527.219826629
0.444,28161.2013400853,51953.7728576786,107849.102710962,111276.579878648,112514.430895476,113152.932730452,113542.537538624
0.448,28346.3233872813,51969.030748762,107864.360602046,111291.837769731,112529.68878656,113168.190621535,113557.795429707
0.452,28530.7238784397,51984.2291686825,107879.559021966,111307.036189652,112544.88720648,113183.389041456,113572.993849628
0.456,28714.4070240026,51999.3684644677,107894.698317752,111322.175485437,112560.026502265,113198.528337241,113588.133145413
0.46,28897.377001717,52014.4489804506,107909.778833734,111337.25600142,112575.107018248,113213.608853224,113603.213661396
0.464,29079.6379569517,52029.4710582952,107924.800911579,111352.278079264,112590.129096093,113228.630931068,113618.23573924
0.468,29261.1940030106,52044.4350370231,107939.764890307,111367.242057992,112605.093074821,113243.594909796,113633.199717968
0.472,29442.0492214419,52059.3412530384,107954.671106322,111382.148274008,112619.999290836,113258.501125812,113648.105933984
0.476,29622.2076623437,52074.1900401531,107969.519893437,111396.997061122,112634.848077951,113273.349912926,113662.954721098
0.48,29801.673344667,52088.9817296119,107984.311582896,111411.788750581,112649.63976741,113288.141602385,113677.746410557
0.484,29980.4502565139,52103.7166501171,107999.046503401,111426.523671086,112664.374687915,113302.87652289,113692.481331062
0.488,30158.5423554335,52118.3951278528,108013.724981137,111441.202148822,112679.053165651,113317.555000626,113707.159808798
0.492,30335.9535687135,52133.0174865087,108028.347339792,111455.824507478,112693.675524306,113332.177359282,113721.782167454
0.496,30512.6877936694,52147.5840473043,108042.913900588,111470.391068274,112708.242085102,113346.743920077,113736.34872825
0.5,30688.7488979293,52162.0951290124,108057.424982296,111484.902149982,112722.75316681,113361.255001786,113750.859809958
0.504,30864.1407197165,52176.551047982,108071.880901266,111499.358068951,112737.20908578,113375.710920755,113765.315728927
0.508,31038.8670681282,52190.9521181617,108086.281971445,111513.759139131,112751.610155959,113390.111990935,113779.716799107
0.512,31212.9317234114,52205.2986511221,108100.628504406,111528.105672091,112765.95668892,113404.458523895,113794.063332067
0.516,31386.3384372352,52219.5909560784,108114.920809362,111542.397977048,112780.248993876,113418.750828852,113808.355637024
0.52,31559.0909329609,52233.8293399128,108129.159193197,111556.636360882,112794.487377711,113432.989212686,113822.594020858
0.524,31731.1929059078,52248.014107196,108143.34396048,111570.821128165,112808.672144994,113447.173979969,113836.778788141
0.528,31902.6480236173,52262.1455602095,108157.475413493,111584.952581179,112822.803598007,113461.305432983,113850.910241155
0.532,32073.4599261131,52276.2239989666,108171.55385225,111599.031019936,112836.882036764,113475.38387174,113864.988679912
0.536,32243.632226159,52290.2497212339,108185.579574518,111613.056742203,112850.907759032,113489.409594007,113879.014402179
0.54,32413.1685095133,52304.2230225521,108199.552875836,111627.030043521,112864.88106035,113503.382895325,113892.987703497
0.544,32582.0723351808,52318.144196257,108213.474049541,111640.951217226,112878.802234055,113517.30406903,113906.908877202
0.548,32750.3472356623,52332.0135334997,108227.343386783,111654.820554469,112892.671571297,113531.173406273,113920.778214445
0.552,32917.9967172,52345.8313232673,108241.161176551,111668.638344237,112906.489361065,113544.99119604,113934.596004213
0.556,33085.0242600217,52359.5978524026,108254.927705686,111682.404873372,112920.2558902,113558.757725176,113948.362533348
0.56,33251.4333185814,52373.3134056242,108268.643258908,111696.120426593,112933.971443422,113572.473278397,113962.078086569
0.564,33417.2273217974,52386.9782655459,108282.30811883,111709.785286515,112947.636303344,113586.138138319,113975.742946491
0.568,33582.4096732881,52400.5927126965,108295.92256598,111723.399733666,112961.250750494,113599.75258547,113989.357393642
0.572,33746.9837516044,52414.1570255384,108309.486878822,111736.964046508,112974.815063336,113613.316898312,114002.921706484
0.576,33910.9529104605,52427.6714804873,108323.001333771,111750.478501457,112988.329518285,113626.83135326,114016.436161433
0.58,34074.3204789615,52441.1363519303,108336.466205214,111763.9433729,113001.794389728,113640.296224703,114029.901032876
0.584,34237.0897618289,52454.5519122449,108349.881765529,111777.358933214,113015.209950043,113653.711785018,114043.31659319
0.588,34399.2640396232,52467.9184318173,108363.248285101,111790.725452787,113028.576469615,113667.07830459,114056.683112763
0.592,34560.8465689644,52481.2361790604,108376.566032344,111804.04320003,113041.894216858,113680.396051834,114070.000860006
0.596,34721.8405827499,52494.5054204319,108389.835273716,111817.312441401,113055.16345823,113693.665293205,114083.270101377
0.6,34882.2492903703,52507.726420452,108403.056273736,111830.533441421,113068.38445825,113706.886293225,114096.491101397
0.604,35042.0758779227,52520.8994417212,108416.229295005,111843.70646269,113081.557479519,113720.059314494,114109.664122666
0.608,35201.3235084214,52534.0247449374,108429.354598221,111856.831765907,113094.682782735,113733.184617711,114122.789425883
0.612,35359.9953220065,52547.1025889131,108442.432442197,111869.909609882,113107.760626711,113746.262461686,114135.867269858
0.616,35518.0944361507,52560.1332305927,108455.463083876,111882.940251562,113120.79126839,113759.293103366,114148.897911538
0.62,35675.6239458632,52573.1169250691,108468.446778353,111895.923946038,113133.774962867,113772.276797842,114161.881606014
0.624,35832.5869238916,52586.0539256002,108481.383778884,111908.860946569,113146.711963398,113785.213798373,114174.818606545
0.628,35988.986420922,52598.9444836258,108494.274336909,111921.751504595,113159.602521423,113798.104356399,114187.709164571
0.632,36144.8254657764,52611.7888487835,108507.118702067,111934.595869753,113172.446886581,113810.948721557,114200.553529729
0.636,36300.107065608,52624.5872689252,108519.917122209,111947.394289894,113185.245306723,113823.747141698,114213.35194987
0.64,36454.8342060952,52637.3399901324,108532.669843416,111960.147011102,113197.99802793,113836.499862906,114226.104671078
0.644,36609.0098516326,52650.0472567328,108545.377110017,111972.854277702,113210.705294531,113849.207129506,114238.811937678
0.648,36762.6369455203,52662.7093113152,108558.039164599,111985.516332284,113223.367349113,113861.869184088,114251.473992261
0.652,36915.7184101513,52675.3263947454,108570.656248029,111998.133415715,113235.984432543,113874.486267519,114264.091075691
0.656,37068.2571471967,52687.8987461811,108583.228599465,112010.70576715,113248.556783979,113887.058618954,114276.663427126
0.66,37220.2560377892,52700.4266030874,108595.756456371,112023.233624057,113261.084640885,113899.586475861,114289.191284033
0.664,37371.7179427046,52712.9102012514,108608.240054535,112035.717222221,113273.568239049,113912.070074025,114301.674882197
0.668,37522.6457025407,52725.3497747972,108620.679628081,112048.156795766,113286.007812595,113924.50964757,114314.114455742
0.672,37673.0421378955,52737.7455562006,108633.075409484,112060.55257717,113298.403593998,113936.905428974,114326.510237146
0.676,37822.9100495428,52750.0977763032,108645.427629587,112072.904797272,113310.755814101,113949.257649076,114338.862457248
0.68,37972.2522186058,52762.4066643274,108657.736517611,112085.213685297,113323.064702125,113961.566537101,114351.171345273
0.684,38121.0714067292,52774.6724478897,108670.002301173,112097.479468859,113335.330485687,113973.832320663,114363.437128835
0.688,38269.3703562498,52786.8953530155,108682.225206299,112109.702373985,113347.553390813,113986.055225789,114375.660033961
0.692,38417.1517903643,52799.0756041527,108694.405457436,112121.882625122,113359.73364195,113998.235476926,114387.840285098
0.696,38564.4184132967,52811.2134241853,108706.543277469,112134.020445154,113371.871461983,114010.373296958,114399.978105131
0.7,38711.1729104626,52823.3090344471,108718.638887731,112146.116055416,113383.967072245,114022.46890722,114412.073715392
0.704,38857.4179486329,52835.3626547355,108730.692508019,112158.169675705,113396.020692533,114034.522527509,114424.127335681
0.708,39003.1561760952,52847.374503324,108742.704356608,112170.181524293,113408.032541122,114046.534376097,114436.139184269
0.712,39148.3902228136,52859.3447969762,108754.67465026,112182.151817945,113420.002834774,114058.504669749,114448.109477921
0.716,39293.1227005867,52871.2737509585,108766.603604242,112194.080771928,113431.931788756,114070.433623732,114460.038431904
0.72,39437.3562032047,52883.1615790528,108778.491432337,112205.968600022,113443.819616851,114082.321451826,114471.926259998
0.724,39581.0933066039,52895.0084935696,108790.338346853,112217.815514539,113455.666531367,114094.168366343,114483.773174515
0.728,39724.3365690201,52906.8147053607,108802.144558644,112229.62172633,113467.472743158,114105.974578134,114495.579386306
0.732,39867.0885311407,52918.5804238311,108813.910277115,112241.3874448,113479.238461629,114117.740296604,114507.345104776
0.736,40009.3517162544,52930.3058569523,108825.635710236,112253.112877922,113490.96389475,114129.465729725,114519.070537898
0.74,40151.1286304004,52941.9912112737,108837.321064557,112264.798232243,113502.649249071,114141.151084047,114530.755892219
0.744,40292.421762515,52953.6366919353,108848.966545219,112276.443712904,113514.294729733,114152.796564708,114542.401372881
0.748,40433.233584578,52965.2425026793,108860.572355963,112288.049523648,113525.900540477,114164.402375452,114554.007183625
0.752,40573.566551756,52976.8088458623,108872.138699146,112299.615866832,113537.46688366,114175.968718635,114565.573526808
0.756,40713.4231025456,52988.3359224671,108883.665775751,112311.142943436,113548.993960265,114187.49579524,114577.100603412
0.76,40852.8056589148,52999.8239321138,108895.153785398,112322.630953083,113560.481969912,114198.983804887,114588.588613059
0.764,40991.7166264423,53011.2730730721,108906.602926356,112334.080094041,113571.93111087,114210.432945845,114600.037754017
0.768,41130.1583944561,53022.683542272,108918.013395556,112345.490563241,113583.34158007,114221.843415045,114611.448223217
0.772,41268.1333361709,53034.0555353156,108929.385388599,112356.862556285,113594.713573113,114233.215408089,114622.820216261
0.776,41405.643808823,53045.389246488,108940.719099772,112368.196267457,113606.047284286,114244.549119261,114634.153927433
0.78,41542.6921538051,53056.6848687684,108952.014722052,112379.491889738,113617.342906566,114255.844741542,114645.449549714
0.784,41679.2806967988,53067.9425938412,108963.272447125,112390.74961481,113628.600631639,114267.102466614,114656.707274787
0.788,41815.4117479067,53079.1626121067,108974.49246539,112401.969633076,113639.820649904,114278.32248488,114667.927293052
0.792,41951.0876017819,53090.3451126918,108985.674965976,112413.152133661,113651.00315049,114289.504985465,114679.109793637
0.796,42086.3105377576,53101.4902834608,108996.820136745,112424.29730443,113662.148321259,114300.650156234,114690.254964406
0.8,42221.0828199742,53112.5983110257,109007.928164309,112435.405331995,113673.256348823,114311.758183799,114701.362991971
0.804,42355.4066975061,53123.6693807569,109018.999234041,112446.476401726,113684.327418555,114322.82925353,114712.434061702
0.808,42489.2844044867,53134.7036767933,109030.033530077,112457.510697762,113695.361714591,114333.863549566,114723.468357739
0.812,42622.718160232,53145.7013820523,109041.031235336,112468.508403022,113706.35941985,114344.861254825,114734.466062998
0.816,42755.7101693636,53156.6626782406,109051.992531524,112479.46969921,113717.320716038,114355.822551014,114745.427359186
0.82,42888.2626219299,53167.5877458635,109062.917599147,112490.394766833,113728.245783661,114366.747618637,114756.352426809
0.824,43020.3776935263,53178.4767642351,109073.806617519,112501.283785204,113739.134802033,114377.636637008,114767.24144518
0.828,43152.0575454144,53189.3299114881,109084.659764772,112512.136932457,113749.987949286,114388.489784261,114778.094592433
0.832,43283.3043246398,53200.1473645835,109095.477217867,112522.954385553,113760.805402381,114399.307237357,114788.912045529
0.836,43414.1201641486,53210.9292993204,109106.259152604,112533.73632029,113771.587337118,114410.089172094,114799.693980266
0.84,43544.5071829032,53221.675890345,109117.005743629,112544.482911314,113782.333928143,114420.835763118,114810.44057129
0.844,43674.4674859965,53232.3873111606,109127.717164444,112555.19433213,113793.045348958,114431.547183934,114821.151992106
0.848,43804.0031647655,53243.0637341368,109138.393587421,112565.870755106,113803.721771935,114442.22360691,114831.828415082
0.852,43933.1162969031,53253.7053305184,109149.035183802,112576.512351488,113814.363368316,114452.865203292,114842.470011464
0.856,44061.8089465694,53264.312270435,109159.642123719,112587.119291404,113824.970308233,114463.472143208,114853.07695138
0.86,44190.0831645016,53274.8847229099,109170.214576194,112597.691743879,113835.542760708,114474.044595683,114863.649403855
0.864,44317.9409881233,53285.4228558688,109180.752709153,112608.229876838,113846.080893667,114484.582728642,114874.187536814
0.868,44445.3844416516,53295.9268361494,109191.256689433,112618.733857119,113856.584873947,114495.086708923,114884.691517095
0.872,44572.4155362048,53306.3968295092,109201.726682793,112629.203850478,113867.054867307,114505.556702282,114895.161510454
0.876,44699.0362699076,53316.8330006353,109212.162853919,112639.640021604,113877.491038433,114515.992873408,114905.597681581
0.88,44825.248627996,53327.2355131521,109222.565366436,112650.042534121,113887.89355095,114526.395385925,114916.000194097
0.884,44951.0545829211,53337.6045296305,109232.934382914,112660.4115506,113898.262567428,114536.764402404,114926.369210576
0.888,45076.456094452,53347.9402115962,109243.27006488,112670.747232565,113908.598249394,114547.100084369,114936.704892541
0.892,45201.4551097774,53358.2427195376,109253.572572821,112681.049740507,113918.900757335,114557.402592311,114947.007400483
0.896,45326.0535636062,53368.512212915,109263.842066199,112691.319233884,113929.170250713,114567.672085688,114957.27689386
0.9,45450.2533782677,53378.7488501681,109274.078703452,112701.555871137,113939.406887966,114577.908722941,114967.513531113
0.904,45574.0564638103,53388.9527887244,109284.282642008,112711.759809694,113949.610826522,114588.112661498,114977.71746967
0.908,45697.4647180992,53399.1241850073,109294.454038291,112721.931205977,113959.782222805,114598.28405778,114987.888865953
0.912,45820.4800269137,53409.2631944441,109304.593047728,112732.070215413,113969.921232242,114608.423067217,114998.027875389
0.916,45943.1042640432,53419.369971474,109314.699824758,112742.176992443,113980.028009272,114618.529844247,115008.134652419
0.92,46065.3392913822,53429.4446695554,109324.774522839,112752.251690525,113990.102707353,114628.604542329,115018.209350501
0.924,46187.1869590247,53439.4874411746,109334.817294458,112762.294462144,114000.145478972,114638.647313948,115028.25212212
0.928,46308.6491053571,53449.4984378526,109344.828291136,112772.305458822,114010.15647565,114648.658310626,115038.263118798
0.932,46429.7275571515,53459.4778101533,109354.807663437,112782.284831122,114020.135847951,114658.637682926,115048.242491099
0.936,46550.4241296564,53469.4257076907,109364.755560974,112792.23272866,114030.083745488,114668.585580464,115058.190388636
0.94,46670.7406266881,53479.3422791367,109374.67213242,112802.149300106,114040.000316934,114678.50215191,115068.106960082
0.944,46790.67884072,53489.2276722283,109384.557525512,112812.034693197,114049.885710026,114688.387545001,115077.992353174
0.948,46910.2405529721,53499.0820337747,109394.411887058,112821.889054744,114059.740071572,114698.241906548,115087.84671472
0.952,47029.4275334988,53508.9055096653,109404.235362949,112831.712530635,114069.563547463,114708.065382438,115097.670190611
0.956,47148.2415412764,53518.6982448761,109414.02809816,112841.505265845,114079.356282674,114717.858117649,115107.462925821
0.96,47266.6843242899,53528.4603834771,109423.790236761,112851.267404446,114089.118421275,114727.62025625,115117.225064422
0.964,47384.7576196181,53538.1920686398,109433.521921924,112860.999089609,114098.850106438,114737.351941413,115126.956749585
0.968,47502.4631535192,53547.8934426435,109443.223295927,112870.700463613,114108.551480441,114747.053315417,115136.658123589
0.972,47619.8026415144,53557.5646468828,109452.894500167,112880.371667852,114118.222684681,114756.724519656,115146.329327828
0.976,47736.7777884715,53567.205821874,109462.535675158,112890.012842843,114127.863859672,114766.365694647,115155.970502819
0.98,47853.3902886875,53576.8171072622,109472.146960546,112899.624128231,114137.47514506,114775.976980035,115165.581788207
0.984,47969.6418259702,53586.3986418283,109481.728495112,112909.205662797,114147.056679626,114785.558514601,115175.163322774
0.988,48085.5340737196,53595.9505634949,109491.280416779,112918.757584464,114156.608601293,114795.110436268,115184.71524444
0.992,48201.0686950077,53605.4730093336,109500.802862617,112928.280030303,114166.131047131,114804.632882107,115194.237690279
0.996,48316.2473426586,53614.9661155715,109510.295968855,112937.773136541,114175.624153369,114814.125988345,115203.730796517
1,48431.0716593267,53624.4300175971,109519.759870881,112947.237038566,114185.088055395,114823.58989037,115213.194698542
1.004,48545.5432775754,53633.8648499677,109529.194703251,112956.671870937,114194.522887765,114833.024722741,115222.629530913
1.008,48659.663819954,53643.2707464148,109538.600599699,112966.077767384,114203.928784213,114842.430619188,115232.03542736
1.012,48773.4348990749,53652.6478398511,109547.977693135,112975.45486082,114213.305877649,114851.807712624,115241.412520796
1.016,48886.8581176888,53661.9962623764,109557.32611566,112984.803283346,114222.654300174,114861.15613515,115250.760943322
1.02,48999.9350687606,53671.3161452841,109566.645998568,112994.123166253,114231.974183082,114870.476018057,115260.080826229
1.024,49112.6673355438,53680.6076190671,109575.937472351,113003.414640036,114241.265656865,114879.76749184,115269.372300012
1.028,49225.0564916544,53689.8708134238,109585.200666708,113012.677834393,114250.528851222,114889.030686197,115278.635494369
1.032,49337.1041011437,53699.1058572646,109594.435710548,113021.912878234,114259.763895062,114898.265730038,115287.87053821
1.036,49448.8117185718,53708.3128787174,109603.642732001,113031.119899687,114268.970916515,114907.472751491,115297.077559663
1.04,49560.1808890784,53717.4920051336,109612.821858417,113040.299026103,114278.150042931,114916.651877907,115306.256686079
1.044,49671.2131484549,53726.6433630943,109621.973216378,113049.450384064,114287.301400892,114925.803235867,115315.40804404
1.048,49781.9100232145,53735.7670784159,109631.0969317,113058.574099385,114296.425116214,114934.926951189,115324.531759361
1.052,49892.2730306624,53744.8632761557,109640.193129439,113067.670297125,114305.521313953,114944.023148929,115333.627957101
1.056,50002.3036789651,53753.9320806178,109649.261933902,113076.739101587,114314.590118415,114953.091953391,115342.696761563
1.06,50112.0034672188,53762.9736153588,109658.303468643,113085.780636328,114323.631653157,114962.133488132,115351.738296304
1.064,50221.373885518,53771.9880031934,109667.317856477,113094.795024163,114332.646040991,114971.147875967,115360.752684139
1.068,50330.4164150225,53780.9753661998,109676.305219484,113103.782387169,114341.633403998,114980.135238973,115369.740047145
1.072,50439.1325280247,53789.9358257255,109685.265679009,113112.742846695,114350.593863523,114989.095698499,115378.700506671
1.076,50547.5236880153,53798.8695023923,109694.199355676,113121.676523362,114359.52754019,114998.029375165,115387.634183338
1.08,50655.5913497495,53807.7765161022,109703.106369386,113130.583537071,114368.4345539,115006.936388875,115396.541197047
1.084,50763.3369593119,53816.6569860426,109711.986839326,113139.464007012,114377.31502384,115015.816858816,115405.421666988
1.088,50870.7619541808,53825.5110306914,109720.840883975,113148.318051661,114386.169068489,115024.670903465,115414.275711637
1.092,50977.8677632925,53834.3387678226,109729.668621106,113157.145788792,114394.99680562,115033.498640596,115423.103448768
1.096,51084.6558071044,53843.1403145112,109738.470167795,113165.94733548,114403.798352309,115042.300187284,115431.904995456
1.1,51191.1274976578,53851.9157871388,109747.245640423,113174.722808108,114412.573824937,115051.075659912,115440.680468084
1.104,51297.2842386401,53860.6653013983,109755.995154682,113183.472322368,114421.323339196,115059.825174171,115449.429982344
1.108,51403.1274254469,53869.3889722991,109764.718825583,113192.195993268,114430.047010097,115068.548845072,115458.153653244
1.112,51508.6584452426,53878.0869141724,109773.416767456,113200.893935142,114438.74495197,115077.246786946,115466.851595118
1.116,51613.8786770212,53886.7592406757,109782.089093959,113209.566261645,114447.417278473,115085.919113449,115475.523921621
1.12,51718.7894916665,53895.4060647984,109790.735918082,113218.213085768,114456.064102596,115094.565937572,115484.170745744
1.124,51823.3922520115,53904.0274988661,109799.35735215,113226.834519835,114464.685536664,115103.187371639,115492.792179811
1.128,51927.6883128973,53912.6236545457,109807.953507829,113235.430675515,114473.281692343,115111.783527319,115501.388335491
1.132,52031.679021232,53921.1946428504,109816.524496134,113244.00166382,114481.852680648,115120.354515624,115509.959323796
1.136,52135.3657160482,53929.7405741443,109825.070427428,113252.547595113,114490.398611942,115128.900446917,115518.50525509
1.14,52238.7497285607,53938.2615581469,109833.591411431,113261.068579116,114498.919595945,115137.42143092,115527.026239092
1.144,52341.8323822235,53946.7577039383,109842.087557222,113269.564724908,114507.415741736,115145.917576711,115535.522384884
1.148,52444.6149927864,53955.2291199635,109850.558973247,113278.036140933,114515.887157761,115154.388992737,115543.993800909
1.152,52547.0988683505,53963.6759140372,109859.005767321,113286.482935006,114524.333951835,115162.83578681,115552.440594983
1.156,52649.2853094243,53972.0981933482,109867.428046632,113294.905214317,114532.756231146,115171.258066121,115560.862874293
1.16,52751.1756089782,53980.4960644641,109875.825917748,113303.303085433,114541.154102262,115179.655937237,115569.260745409
1.164,52852.7710524993,53988.8696333355,109884.199486619,113311.676654305,114549.527671133,115188.029506109,115577.634314281
1.168,52954.0729180456,53997.219005301,109892.548858585,113320.02602627,114557.877043099,115196.378878074,115585.983686246
1.172,53055.0824762993,54005.5442850911,109900.874138375,113328.35130606,114566.202322889,115204.704157864,115594.308966036
1.176,53155.8009906198,54013.8455768328,109909.175430117,113336.652597802,114574.503614631,115213.005449606,115602.610257778
1.18,53256.229717097,54022.1229840539,109917.452837338,113344.930005023,114582.781021852,115221.282856827,115610.887664999
1.184,53356.3699046029,54030.3766096873,109925.706462971,113353.183630657,114591.034647485,115229.53648246,115619.141290633
1.188,53456.2227948436,54038.6065560753,109933.936409359,113361.413577044,114599.264593873,115237.766428848,115627.371237021
1.192,53555.7896224107,54046.8129249738,109942.142778258,113369.619945943,114607.470962772,115245.972797747,115635.577605919
1.196,53655.0716148321,54054.9958175566,109950.32567084,113377.802838526,114615.653855354,115254.15569033,115643.760498502
1.2,53754.0699926223,54063.1553344194,109958.485187703,113385.962355389,114623.813372217,115262.315207193,115651.920015365
1.204,53852.7859693328,54071.2915755838,109966.621428868,113394.098596553,114631.949613382,115270.451448357,115660.056256529
1.208,53951.2207516013,54079.404640502,109974.734493786,113402.211661471,114640.0626783,115278.564513275,115668.169321447
1.212,54049.3755392009,54087.4946280599,109982.824481344,113410.301649029,114648.152665858,115286.654500833,115676.259309005
1.216,54147.2515250892,54095.5616365821,109990.891489866,113418.368657551,114656.21967438,115294.721509355,115684.326317527
1.22,54244.8498954563,54103.6057638351,109998.935617119,113426.412784804,114664.263801633,115302.765636608,115692.37044478
1.224,54342.1718297727,54111.6271070318,110006.956960316,113434.434128001,114672.28514483,115310.786979805,115700.391787977
1.228,54439.2185008372,54119.625762835,110014.955616119,113442.432783804,114680.283800633,115318.785635608,115708.39044378
1.232,54535.9910748233,54127.6018273617,110022.931680645,113450.408848331,114688.259865159,115326.761700135,115716.366508307
1.236,54632.4907113267,54135.5553961865,110030.88524947,113458.362417156,114696.213433984,115334.71526896,115724.320077132
1.24,54728.7185634112,54143.4865643458,110038.81641763,113466.293585315,114704.144602143,115342.646437119,115732.251245291
1.244,54824.6757776545,54151.3954263413,110046.725279625,113474.20244731,114712.053464139,115350.555299114,115740.160107287
1.248,54920.3634941942,54159.2820761439,110054.611929428,113482.089097113,114719.940113942,115358.441948917,115748.046757089
1.252,55015.7828467725,54167.1466071976,110062.476460481,113489.953628167,114727.804644995,115366.306479971,115755.911288143
1.256,55110.9349627813,54174.9891124227,110070.318965706,113497.796133392,114735.64715022,115374.148985196,115763.753793368
1.26,55205.8209633062,54182.80968422,110078.139537504,113505.616705189,114743.467722018,115381.969556993,115771.574365165
1.264,55300.441963171,54190.608414474,110085.938267758,113513.415435443,114751.266452272,115389.768287247,115779.373095419
1.268,55394.7990709812,54198.3853945567,110093.71524784,113521.192415526,114759.043432354,115397.54526733,115787.150075502
1.272,55488.8933891672,54206.1407153313,110101.470568615,113528.947736301,114766.798753129,115405.300588104,115794.905396277
1.276,55582.7260140271,54213.8744671554,110109.204320439,113536.681488125,114774.532504953,115413.034339929,115802.639148101
1.28,55676.2980357697,54221.5867398849,110116.916593169,113544.393760854,114782.244777683,115420.746612658,115810.35142083
1.284,55769.6105385564,54229.277622877,110124.607476161,113552.084643846,114789.935660675,115428.43749565,115818.042303822
1.288,55862.6646005432,54236.9472049941,110132.277058278,113559.754225963,114797.605242792,115436.107077767,115825.711885939
1.292,55955.461293922,54244.5955746072,110139.925427891,113567.402595576,114805.253612405,115443.75544738,115833.360255552
1.296,56048.0016849621,54252.2228195988,110147.552672883,113575.029840568,114812.880857397,115451.382692372,115840.987500544
1.3,56140.2868340509,54259.8290273668,110155.158880651,113582.636048336,114820.487065165,115458.98890014,115848.593708312
1.304,56232.3177957345,54267.4142848277,110162.744138112,113590.221305797,114828.072322625,115466.574157601,115856.178965773
1.308,56324.0956187576,54274.9786784198,110170.308531704,113597.785699389,114835.636716218,115474.138551193,115863.743359365
1.312,56415.6213461035,54282.5222941065,110177.85214739,113605.329315076,114843.180331904,115481.68216688,115871.286975052
1.316,56506.8960150338,54290.0452173796,110185.375070663,113612.852238349,114850.703255177,115489.205090153,115878.809898325
1.32,56597.9206571272,54297.5475332626,110192.877386546,113620.354554232,114858.20557106,115496.707406036,115886.312214208
1.324,56688.6962983186,54305.0293263138,110200.359179598,113627.836347283,114865.687364112,115504.189199087,115893.794007259
1.328,56779.2239589378,54312.4906806294,110207.820533913,113635.297701599,114873.148718427,115511.650553403,115901.255361575
1.332,56869.5046537474,54319.931679847,110215.261533131,113642.738700816,114880.589717645,115519.09155262,115908.696360792
1.336,56959.5393919807,54327.3524071483,110222.682260432,113650.159428118,114888.010444946,115526.512279921,115916.117088094
1.34,57049.3291773798,54334.7529452623,110230.082798546,113657.559966232,114895.41098306,115533.912818035,115923.517626208
1.344,57138.8750082322,54342.1333764688,110237.463229753,113664.940397438,114902.791414267,115541.293249242,115930.898057414
1.348,57228.1778774085,54349.4937826007,110244.823635884,113672.30080357,114910.151820398,115548.653655374,115938.258463546
1.352,57317.2387723985,54356.8342450477,110252.164098331,113679.641266017,114917.492282845,115555.994117821,115945.598925993
1.356,57406.0586753479,54364.1548447589,110259.484698043,113686.961865728,114924.812882557,115563.314717532,115952.919525704
1.36,57494.6385630946,54371.455662246,110266.78551553,113694.262683215,114932.113700044,115570.615535019,115960.220343191
1.364,57582.9794072038,54378.7367775862,110274.06663087,113701.543798555,114939.394815384,115577.896650359,115967.501458531
1.368,57671.0821740045,54385.9982704249,110281.328123709,113708.805291394,114946.656308223,115585.158143198,115974.76295137
1.372,57758.9478246239,54393.2402199789,110288.570073263,113716.047240948,114953.898257777,115592.400092752,115982.004900924
1.376,57846.5773150228,54400.4627050392,110295.792558323,113723.269726008,114961.120742837,115599.622577812,115989.227385984
1.38,57933.97159603,54407.6658039738,110302.995657258,113730.472824943,114968.323841772,115606.825676747,115996.430484919
1.384,58021.1316133771,54414.8495947305,110310.179448014,113737.6566157,114975.507632528,115614.009467504,116003.614275676
1.388,58108.0583077321,54422.0141548399,110317.344008124,113744.821175809,114982.672192638,115621.174027613,116010.778835785
1.392,58194.7526147335,54429.159561418,110324.489414702,113751.966582387,114989.817599216,115628.319434191,116017.924242363
1.396,58281.2154650241,54436.285891169,110331.615744453,113759.092912138,114996.943928967,115635.445763942,116025.050572114
1.4,58367.4477842838,54443.3932203881,110338.723073672,113766.200241357,115004.051258186,115642.553093161,116032.157901333
1.404,58453.4504932631,54450.4816249642,110345.811478248,113773.288645933,115011.139662762,115649.641497737,116039.24630591
1.408,58539.2245078154,54457.5511803827,110352.881033666,113780.358201352,115018.20921818,115656.711053156,116046.315861328
1.412,58624.7707389301,54464.6019617279,110359.931815012,113787.408982697,115025.259999526,115663.761834501,116053.366642673
1.416,58710.0900927642,54471.6340436859,110366.96389697,113794.441064655,115032.292081484,115670.793916459,116060.398724631
1.42,58795.1834706749,54478.6475005472,110373.977353831,113801.454521516,115039.305538345,115677.80737332,116067.412181492
1.424,58880.051769251,54485.6424062093,110380.972259493,113808.449427178,115046.300444007,115684.802278982,116074.407087155
1.428,58964.6958803443,54492.6188341793,110387.948687463,113815.425855148,115053.276871977,115691.778706952,116081.383515125
1.432,59049.1166911012,54499.5768575763,110394.90671086,113822.383878546,115060.234895374,115698.736730349,116088.341538522
1.436,59133.3150839933,54506.5165491345,110401.846402418,113829.323570104,115067.174586932,115705.676421908,116095.28123008
1.44,59217.2919368485,54513.4379812048,110408.767834489,113836.245002174,115074.096019003,115712.597853978,116102.20266215
1.444,59301.0481228812,54520.3412257584,110415.671079042,113843.148246728,115080.999263556,115719.501098532,116109.105906704
1.448,59384.5845107229,54527.2263543884,110422.556207672,113850.033375358,115087.884392186,115726.386227162,116115.991035334
1.452,59467.9019644519,54534.0934383128,110429.423291597,113856.900459282,115094.751476111,115733.253311086,116122.858119258
1.456,59551.0013436232,54540.9425483767,110436.27240166,113863.749569346,115101.600586174,115740.10242115,116129.707229322
1.46,59633.8835032983,54547.7737550549,110443.103608339,113870.580776024,115108.431792853,115746.933627828,116136.538436
1.464,59716.5492940741,54554.5871284541,110449.916981738,113877.394149423,115115.245166252,115753.747001227,116143.351809399
1.468,59798.9995621123,54561.3827383158,110456.7125916,113884.189759285,115122.040776114,115760.542611089,116150.147419261
1.472,59881.2351491682,54568.1606540178,110463.490507302,113890.967674987,115128.818691816,115767.320526791,116156.925334963
1.476,59963.2568926193,54574.9209445775,110470.250797861,113897.727965547,115135.578982375,115774.080817351,116163.685625523
1.48,60045.0656254938,54581.6636786537,110476.993531937,113904.470699623,115142.321716451,115780.823551427,116170.428359599
1.484,60126.6621764988,54588.3889245489,110483.718777833,113911.195945518,115149.046962347,115787.548797322,116177.153605494
1.488,60208.0473700481,54595.096750212,110490.426603496,113917.903771181,115155.75478801,115794.256622985,116183.861431157
1.492,60289.2220262903,54601.7872232401,110497.117076524,113924.594244209,115162.445261038,115800.947096013,116190.551904185
1.496,60370.1869611361,54608.4604108813,110503.790264165,113931.26743185,115169.118448679,115807.620283654,116197.225091827
1.5,60450.9429862854,54615.1163800363,110510.44623332,113937.923401006,115175.774417834,115814.27625281,116203.881060982
1.504,60531.4909092553,54621.7551972614,110517.085050545,113944.562218231,115182.413235059,115820.915070035,116210.519878207
1.508,60611.8315334058,54628.3769287701,110523.706782054,113951.183949739,115189.034966568,115827.536801543,116217.141609715
1.512,60691.9656579677,54634.9816404355,110530.311493719,113957.788661405,115195.639678233,115834.141513209,116223.746321381
1.516,60771.8940780681,54641.5693977925,110536.899251076,113964.376418762,115202.22743559,115840.729270566,116230.334078738
1.52,60851.6175847575,54648.1402660402,110543.470119324,113970.947287009,115208.798303838,115847.300138813,116236.904946985
1.524,60931.1369650353,54654.6943100435,110550.024163327,113977.501331013,115215.352347841,115853.854182817,116243.458990989
1.528,61010.4530018761,54661.2315943357,110556.561447619,113984.038615305,115221.889632133,115860.391467109,116249.996275281
1.532,61089.5664742551,54667.7521831207,110563.082036404,113990.55920409,115228.410220918,115866.912055894,116256.516864066
1.536,61168.4781571738,54674.2561402745,110569.585993558,113997.063161244,115234.914178072,115873.416013048,116263.02082122
1.54,61247.1888216853,54680.7435293479,110576.073382632,114003.550550317,115241.401567146,115879.903402121,116269.508210293
1.544,61325.6992349193,54687.2144135682,110582.544266852,114010.021434537,115247.872451366,115886.374286341,116275.979094513
1.548,61404.010160107,54693.6688558416,110588.998709125,114016.475876811,115254.326893639,115892.828728615,116282.433536787
1.552,61482.1223566061,54700.1069187549,110595.436772039,114022.913939724,115260.764956553,115899.266791528,116288.8715997
1.556,61560.0365799251,54706.5286645775,110601.858517861,114029.335685547,115267.186702375,115905.688537351,116295.293345523
1.56,61637.7535817476,54712.9341552637,110608.264008547,114035.741176233,115273.592193061,115912.094028037,116301.698836209
1.564,61715.2741099567,54719.3234524548,110614.653305739,114042.130473424,115279.981490253,115918.483325228,116308.0881334
1.568,61792.5989086589,54725.6966174803,110621.026470764,114048.50363845,115286.354655278,115924.856490253,116314.461298426
1.572,61869.7287182078,54732.0537113609,110627.383564645,114054.86073233,115292.711749159,115931.213584134,116320.818392306
1.576,61946.6642752278,54738.3947948095,110633.724648093,114061.201815779,115299.052832607,115937.554667583,116327.159475755
1.58,62023.4063126377,54744.719928234,110640.049781518,114067.526949203,115305.377966032,115943.879801007,116333.484609179
1.584,62099.9555596737,54751.0291717384,110646.359025022,114073.836192708,115311.687209536,115950.189044512,116339.793852684
1.588,62176.3127419129,54757.3225851254,110652.652438409,114080.129606095,115317.980622923,115956.482457899,116346.087266071
1.592,62252.4785812955,54763.6002278977,110658.930081181,114086.407248867,115324.258265695,115962.760100671,116352.364908843
1.596,62328.4537961485,54769.8621592604,110665.192012544,114092.66918023,115330.520197058,115969.022032034,116358.626840206
1.6,62404.2391012074,54776.1084381226,110671.438291406,114098.915459092,115336.76647592,115975.268310896,116364.873119068
1.604,62479.8352076394,54782.339123099,110677.668976383,114105.146144068,115342.997160897,115981.498995872,116371.103804044
1.608,62555.242823065,54788.5542725124,110683.884125796,114111.361293482,115349.21231031,115987.714145286,116377.318953458
1.612,62630.4626515804,54794.7539443947,110690.083797678,114117.560965364,115355.411982192,115993.913817168,116383.51862534
1.616,62705.4953937793,54800.9381964895,110696.268049773,114123.745217459,115361.596234287,116000.098069263,116389.702877435
1.62,62780.3417467748,54807.1070862533,110702.436939537,114129.914107223,115367.765124051,116006.266959026,116395.871767199
1.624,62855.0024042208,54813.2606708575,110708.590524141,114136.067691827,115373.918708655,116012.420543631,116402.025351803
1.628,62929.4780563336,54819.3990071903,110714.728860474,114142.20602816,115380.057044988,116018.558879964,116408.163688136
1.632,63003.7693899132,54825.5221518582,110720.852005142,114148.329172827,115386.180189656,116024.682024631,116414.286832804
1.636,63077.8770883639,54831.630161188,110726.960014472,114154.437182157,115392.288198986,116030.790033961,116420.394842133
1.64,63151.8018317162,54837.723091228,110733.052944512,114160.530112197,115398.381129026,116036.882964001,116426.487772173
1.644,63225.5442966465,54843.8009977507,110739.130851034,114166.60801872,115404.459035548,116042.960870524,116432.565678696
1.648,63299.1051564988,54849.8639362533,110745.193789537,114172.670957223,115410.521974051,116049.023809026,116438.628617199
1.652,63372.4850813044,54855.9119619604,110751.241815244,114178.71898293,115416.569999758,116055.071834734,116444.676642906
1.656,63445.6847378026,54861.9451298251,110757.274983109,114184.752150794,115422.603167623,116061.105002598,116450.70981077
1.66,63518.704789461,54867.9634945309,110763.293347815,114190.7705155,115428.621532329,116067.123367304,116456.728175476
1.664,63591.5458964951,54873.9671104933,110769.296963777,114196.774131463,115434.625148291,116073.126983266,116462.731791439
1.668,63664.2087158887,54879.9560318612,110775.285885145,114202.76305283,115440.614069659,116079.115904634,116468.720712806
1.672,63736.6939014133,54885.930312519,110781.260165803,114208.737333488,115446.588350317,116085.090185292,116474.694993464
1.676,63809.002103648,54891.8900060879,110787.219859372,114214.697027057,115452.548043886,116091.049878861,116480.654687033
1.68,63881.1339699987,54897.8351659276,110793.165019211,114220.642186897,115458.493203725,116096.995038701,116486.599846873
1.684,63953.0901447175,54903.7658451377,110799.095698421,114226.572866107,115464.423882935,116102.925717911,116492.530526083
1.688,64024.8712689219,54909.6820965597,110805.011949843,114232.489117529,115470.340134357,116108.841969333,116498.446777505
1.692,64096.4779806139,54915.583972778,110810.913826062,114238.390993747,115476.242010576,116114.743845551,116504.348653723
1.696,64167.910914699,54921.4715261222,110816.801379406,114244.278547091,115482.12956392,116120.631398895,116510.236207067
1.7,64239.1707030044,54927.3448086677,110822.674661951,114250.151829637,115488.002846465,116126.504681441,116516.109489613
1.704,64310.2579742985,54933.2038722382,110828.533725522,114256.010893207,115493.861910036,116132.363745011,116521.968553184
1.708,64381.1733543086,54939.0487684066,110834.37862169,114261.855789376,115499.706806204,116138.20864118,116527.813449352
1.712,64451.9174657398,54944.8795484966,110840.20940178,114267.686569466,115505.537586294,116144.03942127,116533.644229442
1.716,64522.4909282929,54950.6962635845,110846.026116868,114273.503284554,115511.354301382,116149.856136358,116539.46094453
1.72,64592.8943586828,54956.4989645002,110851.828817784,114279.305985469,115517.157002298,116155.658837273,116545.263645445
1.724,64663.128370656,54962.2877018293,110857.617555113,114285.094722799,115522.945739627,116161.447574602,116551.052382775
1.728,64733.1935750089,54968.062525914,110863.392379198,114290.869546883,115528.720563712,116167.222398687,116556.827206859
1.732,64803.0905796054,54973.8234868549,110869.153340139,114296.630507824,115534.481524653,116172.983359628,116562.5881678
1.736,64872.8199893942,54979.5706345123,110874.900487796,114302.377655482,115540.22867231,116178.730507285,116568.335315458
1.74,64942.3824064266,54985.3040185076,110880.633871791,114308.111039477,115545.962056305,116184.463891281,116574.068699453
1.744,65011.7784298736,54991.0236882251,110886.353541509,114313.830709194,115551.681726023,116190.183560998,116579.78836917
1.748,65081.0086560432,54996.7296928128,110892.059546097,114319.536713782,115557.38773061,116195.889565586,116585.494373758
1.752,65150.0736783975,55002.4220811842,110897.751934468,114325.229102153,115563.080118982,116201.581953957,116591.186762129
1.756,65218.9740875697,55008.1009020199,110903.430755304,114330.907922989,115568.758939818,116207.260774793,116596.865582965
1.76,65287.7104713806,55013.7662037683,110909.096057052,114336.573224738,115574.424241566,116212.926076541,116602.530884714
1.764,65356.2834148558,55019.4180346478,110914.747887932,114342.225055617,115580.076072446,116218.577907421,116608.182715593
1.768,65424.6935002421,55025.0564426475,110920.386295931,114347.863463617,115585.714480445,116224.216315421,116613.821123593
1.772,65492.9413070237,55030.681475529,110926.011328813,114353.488496498,115591.339513327,116229.841348302,116619.446156474
1.776,65561.0274119392,55036.2931808274,110931.623034111,114359.100201797,115596.951218625,116235.453053601,116625.057861773
1.78,65628.9523889971,55041.8916058529,110937.221459137,114364.698626822,115602.549643651,116241.051478626,116630.656286798
1.784,65696.7168094924,55047.4767976921,110942.806650976,114370.283818661,115608.13483549,116246.636670465,116636.241478637
1.788,65764.3212420227,55053.0488032091,110948.378656493,114375.855824178,115613.706841007,116252.208675982,116641.813484154
1.792,65831.7662525037,55058.6076690472,110953.937522331,114381.414690016,115619.265706845,116257.76754182,116647.372349993
1.796,65899.0524041852,55064.1534416299,110959.483294914,114386.960462599,115624.811479428,116263.313314403,116652.918122575
1.8,65966.1802576669,55069.686167162,110965.016020446,114392.493188131,115630.34420496,116268.846039935,116658.450848107
1.804,66033.1503709138,55075.2058916316,110970.535744915,114398.012912601,115635.863929429,116274.365764405,116663.970572577
1.808,66099.9632992717,55080.7126608106,110976.042514094,114403.51968178,115641.370698608,116279.872533584,116669.477341756
1.812,66166.6195954826,55086.2065202564,110981.53637354,114409.013541226,115646.864558054,116285.36639303,116674.971201202
1.816,66233.1198096998,55091.6875153131,110987.017368597,114414.494536282,115652.345553111,116290.847388086,116680.452196258
1.82,66299.4644895034,55097.1556911124,110992.485544396,114419.962712082,115657.81372891,116296.315563886,116685.920372058
1.824,66365.6541799147,55102.6110925756,110997.940945859,114425.418113545,115663.269130373,116301.770965349,116691.375773521
1.828,66431.6894234117,55108.0537644141,111003.383617698,114430.860785383,115668.711802212,116307.213637187,116696.818445359
1.832,66497.5707599439,55113.4837511308,111008.813604415,114436.2907721,115674.141788929,116312.643623904,116702.248432076
1.836,66563.2987269464,55118.9010970215,111014.230950305,114441.708117991,115679.559134819,116318.060969795,116707.665777967
1.84,66628.8738593553,55124.3058461761,111019.63569946,114447.112867145,115684.963883974,116323.465718949,116713.070527121
1.844,66694.2966896218,55129.6980424795,111025.027895763,114452.505063449,115690.356080277,116328.857915253,116718.462723425
1.848,66759.5677477265,55135.0777296132,111030.407582897,114457.884750582,115695.735767411,116334.237602386,116723.842410558
1.852,66824.687561194,55140.4449510561,111035.77480434,114463.251972025,115701.102988854,116339.604823829,116729.209632001
1.856,66889.656655107,55145.7997500859,111041.12960337,114468.606771055,115706.457787884,116344.959622859,116734.564431031
1.86,66954.4755521205,55151.1421697802,111046.472023064,114473.949190749,115711.800207578,116350.302042553,116739.906850725
1.864,67019.1447724754,55156.4722530175,111051.802106301,114479.279273987,115717.130290815,116355.632125791,116745.236933963
1.868,67083.6648340131,55161.7900424789,111057.119895763,114484.597063448,115722.448080277,116360.949915252,116750.554723424
1.872,67148.0362521888,55167.0955806484,111062.425433932,114489.902601618,115727.753618446,116366.255453422,116755.860261594
1.876,67212.2595400854,55172.3889098147,111067.718763098,114495.195930784,115733.046947612,116371.548782588,116761.15359076
1.88,67276.3352084271,55177.670072072,111072.999925356,114500.477093041,115738.32810987,116376.829944845,116766.434753017
1.884,67340.263765593,55182.9391093214,111078.268962605,114505.746130291,115743.597147119,116382.098982095,116771.703790267
1.888,67404.0457176304,55188.1960632716,111083.525916555,114511.003084241,115748.854101069,116387.355936045,116776.960744217
1.892,67467.6815682685,55193.4409754404,111088.770828724,114516.24799641,115754.099013238,116392.600848214,116782.205656386
1.896,67531.1718189312,55198.6738871553,111094.003740439,114521.480908125,115759.331924953,116397.833759929,116787.438568101
1.9,67594.5169687505,55203.8948395554,111099.224692839,114526.701860525,115764.552877353,116403.054712329,116792.659520501
1.904,67657.7175145796,55209.1038735915,111104.433726875,114531.910894561,115769.761911389,116408.263746365,116797.868554537
1.908,67720.7739510059,55214.3010300279,111109.630883312,114537.108050997,115774.959067826,116413.460902801,116803.065710973
1.912,67783.6867703639,55219.4863494431,111114.816202727,114542.293370412,115780.144387241,116418.646222216,116808.251030388
1.916,67846.4564627479,55224.6598722312,111119.989725515,114547.4668932,115785.317910029,116423.819745004,116813.424553176
1.92,67909.0835160246,55229.8216386023,111125.151491886,114552.628659572,115790.4796764,116428.981511375,116818.586319548
1.924,67971.5684158465,55234.9716885844,111130.301541868,114557.778709554,115795.629726382,116434.131561358,116823.73636953
1.928,68033.9116456632,55240.1100620236,111135.439915307,114562.917082993,115800.768099821,116439.269934797,116828.874742969
1.932,68096.1136867351,55245.2367985859,111140.56665187,114568.043819555,115805.894836384,116444.396671359,116834.001479531
1.936,68158.175018145,55250.3519377576,111145.681791041,114573.158958727,115811.009975555,116449.511810531,116839.116618703
1.94,68220.0961168108,55255.4555188465,111150.78537213,114578.262539816,115816.113556644,116454.61539162,116844.220199792
1.944,68281.8774574972,55260.5475809831,111155.877434267,114583.354601952,115821.205618781,116459.707453756,116849.312261928
1.948,68343.5195128286,55265.6281631215,111160.958016405,114588.435184091,115826.286200919,116464.788035895,116854.392844067
1.952,68405.0227533006,55270.6973040402,111166.027157324,114593.504325009,115831.355341838,116469.857176813,116859.461984986
1.956,68466.3876472921,55275.7550423434,111171.084895627,114598.562063313,115836.413080141,116474.914915117,116864.519723289
1.96,68527.6146610772,55280.8014164617,111176.131269745,114603.608437431,115841.459454259,116479.961289235,116869.566097407
1.964,68588.7042588371,55285.8364646533,111181.166317937,114608.643485623,115846.494502451,116484.996337426,116874.601145599
1.968,68649.6569026715,55290.8602250047,111186.190078288,114613.667245974,115851.518262802,116490.020097778,116879.62490595
1.972,68710.4730526109,55295.872735432,111191.202588716,114618.679756401,115856.53077323,116495.032608205,116884.637416377
1.976,68771.1531666275,55300.8740336816,111196.203886965,114623.681054651,115861.532071479,116500.033906455,116889.638714627
1.98,68831.697700647,55305.8641573311,111201.194010615,114628.6711783,115866.522195129,116505.024030104,116894.628838276
1.984,68892.10710856,55310.8431437907,111206.172997074,114633.65016476,115871.501181588,116510.003016564,116899.607824736
1.988,68952.3818422334,55315.8110303034,111211.140883587,114638.618051273,115876.469068101,116514.970903077,116904.575711249
1.992,69012.5223515214,55320.7678539466,111216.09770723,114643.574874916,115881.425891744,116519.92772672,116909.532534892
1.996,69072.5290842772,55325.7136516327,111221.043504916,114648.520672602,115886.37168943,116524.873524406,116914.478332578
2,69132.4024863635,55330.6484601099,111225.978313394,114653.455481079,115891.306497908,116529.808332883,116919.413141055
